电影名,类型,上映日期,时长（分）,导演,主要演员,全部演员,票房,豆瓣链接,豆瓣评分,豆瓣评分人数,豆瓣短评数,豆瓣长评数,猫眼评分,时光网评分,imdb评分
红海行动,动作 战争,2018-02-16(中国大陆),138,林超贤,张译 黄景瑜 海清,张译 黄景瑜 海清 杜江 蒋璐霞 尹昉 王强 郭家豪 王雨甜 麦亨利 张涵予 王彦霖,365078,https://movie.douban.com/subject/26861685/,8.3,620815,195571,5761,9.4,8.1,6.8
唐人街探案2,喜剧 动作 犯罪,2018-02-16(中国大陆),121,陈思诚,王宝强 刘昊然 肖央,王宝强 刘昊然 肖央 刘承羽 尚语贤 王迅 妻夫木聪 迈克尔·皮特 白灵 元华 曾江 王成思 杨金赐 范湉湉 佟丽娅 陈思诚,339769,https://movie.douban.com/subject/26698897/,6.7,547648,172832,3902,9,6.9,6.1
我不是药神,剧情 喜剧,2018-07-05(中国大陆),117,文牧野,徐峥 王传君 周一围,徐峥 王传君 周一围 谭卓 章宇 杨新鸣 王佳佳 王砚辉 贾晨飞 龚蓓苾 宁浩 李乃文 岳小军 苇青 富冠铭 巴拉特·巴蒂 喜利图 张海艳 朱耕佑,309997,https://movie.douban.com/subject/26752088/,9.0,1027999,338328,15889,9.6,8.8,8.1
西虹市首富,喜剧,2018-07-27(中国大陆),118,闫非 彭大魔,沈腾 宋芸桦 张一鸣,沈腾 宋芸桦 张一鸣 张晨光 常远 魏翔 赵自强 九孔 李立群 王成思 徐冬冬 艾伦 杨皓宇 黄才伦 王力宏 包贝尔 郎咸平 张绍刚 杨文哲 陶亮 王赞 黄杨 刘鉴 杨沅翰 林炳宝 骆佳 陈昊明 臧一人,254757,https://movie.douban.com/subject/27605698/,6.5,586589,183754,3375,9.2,6.7,6.2
捉妖记2,喜剧 奇幻,2018-02-16(中国大陆),110,许诚毅,梁朝伟 白百何 井柏然,梁朝伟 白百何 井柏然 李宇春 杨祐宁 大鹏 吴君如 曾志伟 黄磊 柳岩 吴莫愁 伍嘉成 赵磊 谷嘉诚 彭楚粤 陈泽希 郭子凡 肖战 焉栩嘉 夏之光 姜超 娄艺潇 张俪,223708,https://movie.douban.com/subject/26575103/,5.0,207324,71801,1230,8.1,6.0,5.3
后来的我们,剧情 爱情,2018-04-28(中国大陆),120,刘若英,井柏然 周冬雨 田壮壮,井柏然 周冬雨 田壮壮 曲哲明 刘启恒 苏小明 邹倚天 张子贤 施予斐 李剑青,136152,https://movie.douban.com/subject/26683723/,5.9,245245,97807,5240,8.3,6.3,7.2
一出好戏,剧情 喜剧,2018-08-10(中国大陆),134,黄渤,黄渤 舒淇 王宝强,黄渤 舒淇 王宝强 张艺兴 于和伟 王迅 李勤勤 李又麟 宁浩 管虎 梁静 徐峥 陈德森 张磊,135505,https://movie.douban.com/subject/26985127/,7.1,567363,179166,5742,8.2,7.6,6.3
无双,剧情 动作 犯罪,2018-09-30(中国大陆),130,庄文强,周润发 郭富城 张静初,周润发 郭富城 张静初 冯文娟 廖启智 周家怡 王耀庆 方中信 高捷 邢佳栋 张松枝 张建声 吴嘉龙 孙佳君,127376,https://movie.douban.com/subject/26425063/,8.0,518569,163786,2707,8.9,7.8,7.1
超时空同居,喜剧 爱情 奇幻,2018-05-18(中国大陆),101,苏伦,雷佳音 佟丽娅 张衣,雷佳音 佟丽娅 张衣 于和伟 王正佳 陶虹 李念 李光洁 杨玏 范明 徐峥 杨迪 方龄 陈昊,89988,https://movie.douban.com/subject/27133303/,6.9,332360,104386,1871,8.7,6.8,6.5
无名之辈,剧情 喜剧,2018-11-16(中国大陆),108,饶晓志,陈建斌 任素汐 潘斌龙,陈建斌 任素汐 潘斌龙 章宇 王砚辉 九孔 马吟吟 程怡 宁桓宇 邓恩熙 谢波 范翔 赵梓冲 史策 马睿瀚 林海 邓钢,79451,https://movie.douban.com/subject/27110296/,8.1,557102,179488,5854,9,7.7,7.2
无问西东,剧情 爱情 战争,2018-01-12(中国大陆),138,李芳芳,章子怡 黄晓明 张震,章子怡 黄晓明 张震 王力宏 陈楚生 铁政 祖锋 米雪 王盛德 韩童生 王鑫 郑铮 章泽天 黄梦莹 林美秀 保罗·菲利普·克拉克 胡家华 伊娜 吴谨言 纪帅 王天泽 伍麟凯 都金翰,75430,https://movie.douban.com/subject/6874741/,7.5,453517,151093,9085,8.6,7.0,6.5
西游记女儿国,喜剧 爱情 奇幻,2018-02-16(中国大陆),116,郑保瑞,郭富城 冯绍峰 赵丽颖,郭富城 冯绍峰 赵丽颖 小沈阳 罗仲谦 林志玲 梁咏琪 刘涛 孙伊涵 苑琼丹 潘斌龙 陈雅丽 施诗,72738,https://movie.douban.com/subject/25829175/,4.4,105751,43196,3078,7.9,5.4,5.5
来电狂响,剧情 喜剧,2018-12-28(中国大陆),103,于淼,佟大为 马丽 霍思燕,佟大为 马丽 霍思燕 乔杉 田雨 代乐乐 奚梦瑶 艾伦 张晨光 杨玏 李成敏 许娣 李萍 张帆 徐冬冬 何泓姗 姜来 刘奇 杜江 钟鹿纯 丁龙儿 丁歌 韩昕妤 耿杨 李柄熹 刘润男 贝镜水 李伟 赵宇涵 马嘉璐 津玮 Aleksandr 毕大勋 刘剑 常诚 Natalya 李恬洁 贝乐乐,63457,https://movie.douban.com/subject/30377703/,5.8,153229,52167,1014,8.6,5.9,5.7
影,剧情 动作 武侠,2018-09-30(中国大陆),116,张艺谋,邓超 孙俪 郑恺,邓超 孙俪 郑恺 王千源 王景春 胡军 关晓彤 吴磊 封柏,62899,https://movie.douban.com/subject/4864908/,7.2,360093,128590,3979,8.1,,7.1
狄仁杰之四大天王,动作 悬疑 奇幻,2018-07-27(中国大陆),132,徐克,赵又廷 冯绍峰 林更新,赵又廷 冯绍峰 林更新 阮经天 马思纯 刘嘉玲 盛鉴 杨一威 唐古特·宝日夫 张傲月 孙蛟龙 汪汐潮 铁男 李炳雷 许明虎,60634,https://movie.douban.com/subject/25882296/,6.1,192477,68557,1211,8.1,6.9,6.3
熊出没·变形记,喜剧 动画 冒险,2018-02-16(中国大陆),89,丁亮 林汇达,张伟 张秉君 谭笑,张伟 张秉君 谭笑,60550,https://movie.douban.com/subject/27176717/,6.8,10583,3932,158,9.1,6.3,7.1
李茶的姑妈,喜剧,2018-09-30(中国大陆),113,吴昱翰,黄才伦 艾伦 宋阳,黄才伦 艾伦 宋阳 卢靖姗 沈腾 韩彦博 陈冰 张镨冉 王宇 赵雪 常远 王成思 张琛 魏玮 陶亮 朱微玮 芦莹 李海银 何子君 高海宝 刘坤 钱晨光 乌日塔 杨洁 向斐 何孟卓 王野苓 喜子 张琳,60435,https://movie.douban.com/subject/27092785/,4.6,180400,61310,894,7.9,6.2,4.7
邪不压正,剧情 喜剧 动作,2018-07-13(中国大陆),137,姜文,彭于晏 廖凡 姜文,彭于晏 廖凡 姜文 周韵 许晴 泽田谦也 安地 史航 李梦 丁嘉丽 陈曦,58349,https://movie.douban.com/subject/26366496/,7.0,427675,144495,4422,7.4,7.3,6.5
爱情公寓,喜剧 冒险,2018-08-10(中国大陆),117,韦正,陈赫 袁弘 娄艺潇,陈赫 袁弘 娄艺潇 邓家佳 孙艺洲 李佳航 李金铭 刘天佐 赵志伟 张双利 南派三叔 韦正 汪远 朱桢 于立 榕榕 罗姝涵 许和琪 刘雨昕 张希雅 孔雪儿 关凯元 张悠然 三名制-5 丧钟大师 老驴 张天馨 刘宇馨 陈旭明 王思博 赵子豪 杨朕 郝宇 徐梦洁 常钰 韩丹 严丰 郭林钧,55543,https://movie.douban.com/subject/24852545/,3.1,196098,95442,3390,6.8,3.0,2.7
动物世界,剧情 动作 冒险,2018-06-29(中国大陆),132,韩延,李易峰 迈克尔·道格拉斯 周冬雨,李易峰 迈克尔·道格拉斯 周冬雨 曹炳琨 王戈 苏可,50968,https://movie.douban.com/subject/26925317/,7.2,323142,116390,4010,8.5,7.4,6.5
反贪风暴3,剧情 动作 犯罪,2018-09-14(中国大陆),97,林德禄 ,古天乐 张智霖 郑嘉颖,古天乐 张智霖 郑嘉颖 邓丽欣 栢天男 谢天华 张继聪 夏嫣 蔡瀚亿 廖启智 谭耀文 卢海鹏 罗兰 麦长青 张松枝 陈庭欣 丁海峰 冯雷 李昕岳,44298,https://movie.douban.com/subject/26996640/,5.7,65442,17996,257,8.8,6.2,5.9
快把我哥带走,喜剧 奇幻,2018-08-17(中国大陆),115,郑芬芬,张子枫 彭昱畅 赵今麦,张子枫 彭昱畅 赵今麦 孙泽源 方翔锐 刘冠毅 姜宏波 徐光宇,37531,https://movie.douban.com/subject/30122633/,6.8,199459,72093,1275,8.9,7.6,6.3
幕后玩家,剧情 犯罪 悬疑,2018-04-28(中国大陆),114,任鹏远,徐峥 王丽坤 王砚辉,徐峥 王丽坤 王砚辉 段博文 任达华 于和伟 朱珠 赵达 谢楠 鲍晓,35861,https://movie.douban.com/subject/26774033/,5.7,127128,39170,837,8.4,6.5,5.4
悲伤逆流成河,剧情 爱情,2018-09-21(中国大陆),104,落落,赵英博 任敏 辛云来,赵英博 任敏 辛云来 章若楠 朱丹妮,35665,https://movie.douban.com/subject/27102569/,5.8,126210,45026,2161,9,6.1,5.8
黄金兄弟,动作 犯罪,2018-09-21(中国大陆),99,钱嘉乐,郑伊健 陈小春 谢天华,郑伊健 陈小春 谢天华 钱嘉乐 林晓峰 曾志伟 佘诗曼 张雅玫 吴永伦,31749,https://movie.douban.com/subject/27069427/,5.0,35279,11369,246,8.4,6.1,5.7
找到你,剧情,2018-10-05(中国大陆),102,吕乐,姚晨 马伊琍 袁文康,姚晨 马伊琍 袁文康 吴昊宸 王梓尘 陶昕然 高叶 齐欢,28528,https://movie.douban.com/subject/27140071/,7.4,124252,39839,1382,8.9,7.4,6.4
地球最后的夜晚,剧情 爱情 悬疑,2018-12-31(中国大陆),138,毕赣,汤唯 黄觉 张艾嘉,汤唯 黄觉 张艾嘉 李鸿其 陈永忠 罗飞扬 曾美慧孜 段钧豪 谢理循 齐溪 明道 龙泽治,28199,https://movie.douban.com/subject/26633257/,6.9,129978,62917,2671,2.6,7.2,7.2
胖子行动队,喜剧 动作,2018-09-30(中国大陆),108,包贝尔,文章 包贝尔 郭京飞,文章 包贝尔 郭京飞 李成敏 辣目洋子 许君聪 曾一竣 张梦露 戚玉武 仓田保昭 木幡龙 宋佳 文隽,26107,https://movie.douban.com/subject/27149818/,4.2,47643,14544,252,8.2,5.8,4.6
南极之恋,爱情 冒险,2018-02-01(中国大陆),117,吴有音,赵又廷 杨子姗,赵又廷 杨子姗,23448,https://movie.douban.com/subject/26628329/,6.7,76288,26856,1129,8.9,6.9,6.6
猛虫过江,喜剧 动作,2018-06-15(中国大陆),99,小沈阳,小沈阳 潘斌龙 宋芸桦,小沈阳 潘斌龙 宋芸桦 金士杰 刘桦 胡明 曹瑞 陈惠敏 姚中仁 李立群 苑琼丹 肖央 杨树林 陈汉典 九孔 纳豆 沈春阳 高捷 马浴柯,20365,https://movie.douban.com/subject/26818314/,3.7,31179,11918,310,8.1,4.2,4.1
祖宗十九代,喜剧 奇幻,2018-02-16(中国大陆),95,郭德纲,岳云鹏 吴京 吴秀波,岳云鹏 吴京 吴秀波 井柏然 林志玲 王宝强 大鹏 吴君如 李晨 杜淳 郑恺 欧弟 张国立 贾乃亮 张俪 马苏 萧敬腾 汪东城 于谦 黄磊 吴樾 孙艺洲 贾玲 谢依霖 孟非 郭麒麟 谢楠 王小利 张晨光 刘蓓 孙越,16984,https://movie.douban.com/subject/27114417/,4.2,74302,24888,545,7.6,5.0,4.6
新大头儿子和小头爸爸3：俄罗斯奇遇记,儿童 动画 冒险,2018-07-06(中国大陆),80,何澄,刘纯燕 董浩 鞠萍,刘纯燕 董浩 鞠萍 陈苏 耿晨晨 周志强 黄炜,15823,https://movie.douban.com/subject/30198729/,4.9,3033,1483,45,8.6,4.9,
欧洲攻略,喜剧 动作 爱情,2018-08-17(中国大陆),100,马楚成,梁朝伟 吴亦凡 唐嫣,梁朝伟 吴亦凡 唐嫣 杜鹃 林子祥 华栖龙 雅各布 格拉夫 元秋 刘家勇 罗莽 谢婷婷 周小飞 林德信 陈语安 黎烈弓 杰佳·亚宁,15321,https://movie.douban.com/subject/26351812/,3.6,48246,21907,656,7.3,4.2,4.7
云南虫谷,动作 奇幻 冒险,2018-12-29(中国大陆),110,非行,蔡珩 顾璇 于恒,蔡珩 顾璇 于恒 成泰燊 马浴柯 陈雨锶,14993,https://movie.douban.com/subject/26744597/,3.3,25990,14327,708,5.5,4.9,4.8
大师兄,喜剧 动作,2018-08-24(中国大陆),100,阚家伟,甄子丹 陈乔恩 喻亢,甄子丹 陈乔恩 喻亢 骆明劼 汤君慈 汤君耀 李靖筠 刘朝健 林秋楠 云千千 林嘉华 张坚庭 骆应钧 李枫 欧阳伟豪 楼南光 张文杰,14630,https://movie.douban.com/subject/27201353/,5.2,23458,7020,187,8.6,5.6,6.3
叶问外传：张天志,剧情 动作,2018-12-21(中国大陆),107,袁和平,张晋 戴夫·巴蒂斯塔 柳岩,张晋 戴夫·巴蒂斯塔 柳岩 杨紫琼 托尼·贾 郑嘉颖 周秀娜 谭耀文 释彦能 姜皓文 栢天男 元华,13169,https://movie.douban.com/subject/26796664/,5.6,23171,7711,151,9,6.3,6.9
新乌龙院之笑闹江湖,剧情 喜剧 动作,2018-08-17(中国大陆),103,朱延平,王宁 孔连顺 王智,王宁 孔连顺 王智 吴孟达 梁超 郝劭文 张子栋 李欣蕊 张峻豪 今井隆星 宋小宝 曾志伟 叶全真,13098,https://movie.douban.com/subject/26309969/,3.5,12982,4851,141,7.5,4.3,4.3
天气预爆,喜剧 奇幻,2018-12-21(中国大陆),104,肖央,肖央 杜鹃 常远,肖央 杜鹃 常远 小沈阳 岳云鹏 王小利 衣云鹤 蔡明,12375,https://movie.douban.com/subject/26994789/,3.8,43170,16270,337,6.8,5.9,4.8
风语咒,动画 奇幻,2018-08-03(中国大陆),105,刘阔,路知行 阎萌萌 褚珺,路知行 阎萌萌 褚珺 边江 山新 郭政建 张震 苗壮 王冠南 张博恒 惠龙 王凯 苏俣 白雪岑 赵述仁 刘梓乾 王思琦 刘美奂,11285,https://movie.douban.com/subject/30146756/,6.9,82957,30838,1022,9,6.9,8.1
21克拉,喜剧 爱情,2018-04-20(中国大陆),96,何念,郭京飞 迪丽热巴 大鹏,郭京飞 迪丽热巴 大鹏 包贝尔 刘芮麟 王厂长 张钟仪 榕榕 张杨智子,11013,https://movie.douban.com/subject/26691361/,4.6,39643,14893,501,8.3,4.7,4.7
神秘世界历险记4,动画,2018-08-03(中国大陆),85,王云飞 张林旭 李佳怡,阎么么 赵一博 张磊,阎么么 赵一博 张磊 图特哈蒙 郭政建 林强 白雪岑 杨凝 魏超,10477,https://movie.douban.com/subject/30208005/,5.5,1078,455,21,8.7,6.1,0
幸福马上来,喜剧,2018-06-08(中国大陆),91,冯巩 崔俊杰,冯巩 毛俊杰 刘昊然,冯巩 毛俊杰 刘昊然 牛莉 贾玲 张小斐 岳云鹏 姜宏波 白凯南 潘斌龙 涂松岩 宋宁 梁天 夏凡 梁超,10113,https://movie.douban.com/subject/26813286/,3.8,8207,3543,158,7.2,5.8,0
浴血广昌,历史 战争,2018-08-01(中国大陆),100,高峰 张馨,卢秋宏 何达 郑昊,卢秋宏 何达 郑昊 杨俊生 张永达 冯恩鹤 祝希娟 马晓伟,9672,https://movie.douban.com/subject/27180974/,3.8,933,262,596,,5.5,
昨日青空,爱情 动画,2018-10-26(中国大陆),82,奚超,苏尚卿 王一博 段艺璇,苏尚卿 王一博 段艺璇 马斑马 慧明,8383,https://movie.douban.com/subject/26290410/,6.1,36005,14130,644,8.5,6.1,5.9
你好，之华,剧情 爱情,2018-11-09(中国大陆),114,岩井俊二,周迅 秦昊 杜江,周迅 秦昊 杜江 张子枫 邓恩熙 边天扬 吴彦姝 谭卓 胡歌 胡昌霖 李春明 穆龙 刘靖宇 高炳然 白素娟 刘思博 常海波 李勇 刘笑语 赵芙丽 建圳 郭德诚 王靖宇 孙萍 李泽宇 仇硕康 艺涵 李昊芳 王子璇 王远达 于建波 张俊宇,8020,https://movie.douban.com/subject/27615233/,6.7,164262,60472,2175,7.9,7.0,6.4
武林怪兽,喜剧 奇幻 武侠,2018-12-21(中国大陆),104,刘伟强,古天乐 陈学冬 郭碧婷,古天乐 陈学冬 郭碧婷 包贝尔 王太利 周冬雨 吴樾 潘斌龙 孔连顺 刘浩 梁大维 许君聪 方中信 何润东 薛凯琪 颖儿 李灿森 卢惠光,7963,https://movie.douban.com/subject/26425062/,3.5,16974,6887,249,7.4,5.0,4.0
阿凡提之奇缘历险,喜剧 动画,2018-10-01(中国大陆),85,刘炜,胡谦 李晔 蒋可,胡谦 李晔 蒋可 李扬 游军 王衡 王燕华 周南飞 瞿巍 严丽桢 黄晨,7695,https://movie.douban.com/subject/30208004/,4.9,1705,785,20,8.5,6.2,
冰雪女王3：火与冰,动画 冒险 家庭,2018-04-05(中国大陆),89,阿列克谢·特斯蒂斯林,迪·布拉雷·贝克尔 洛瑞·加纳 Devin Bailey Griffin,迪·布拉雷·贝克尔 洛瑞·加纳 Devin Bailey Griffin 杰森·格里菲斯 格林汉姆·豪斯蒂德 Laurie Hymes 瓦内莎·约翰逊 加利克·哈尔拉莫夫 萨马拉·娜耶姆 伊万·阿赫洛贝斯金 Scottie Ray 艾莉森·雷·罗森菲尔德 Eileen Stevens 比伊·鲍勃·汤普森 马克·汤普森,7422,https://movie.douban.com/subject/26588783/,4.7,1944,835,20,8.5,6.5,6.6
潜艇总动员：海底两万里,动画 奇幻 冒险,2018-06-01(中国大陆),75,申宇,范楚绒 洪海天 李晔,范楚绒 洪海天 李晔 谭满堂,7269,https://movie.douban.com/subject/30146980/,3.8,978,479,23,8.4,5.9,
泄密者,剧情 犯罪,2018-06-15(中国大陆),100,邱礼涛,吴镇宇 张智霖 佘诗曼,吴镇宇 张智霖 佘诗曼 周秀娜 郑则仕 刘浩龙 张继聪 李灿森 卫诗雅 杨柳青 灰熊 林嘉华,7082,https://movie.douban.com/subject/27195080/,5.3,20849,6593,191,8,5.4,5.4
江湖儿女,爱情 犯罪,2018-09-21(中国大陆),137,贾樟柯,赵涛 廖凡 徐峥,赵涛 廖凡 徐峥 梁嘉艳 刁亦男 张一白 丁嘉丽 张译 董子健 李宣 查娜 冯家妹 康亢 张晓军 柳敏 王谭 原文倩,6995,https://movie.douban.com/subject/26972258/,7.6,164676,56695,2185,7.6,7.8,7.0
龙虾刑警,喜剧 动作 犯罪,2018-06-22(中国大陆),93,李昕芸,王千源 袁姗姗 刘桦,王千源 袁姗姗 刘桦 周游 周云鹏 张锦程 沈腾,6879,https://movie.douban.com/subject/26992383/,4.9,38916,10150,168,7.8,6.0,5.1
闺蜜2,喜剧 爱情,2018-03-02(中国大陆),109,黄真真,薛凯琪 陈意涵 张钧甯,薛凯琪 陈意涵 张钧甯 迈克·泰森 王水林 陈宝山 阮金红 范湉湉,6434,https://movie.douban.com/subject/25856453/,2.6,16592,7219,169,6.6,3.7,3.4
英雄本色2018,剧情 动作,2018-01-18(中国大陆),114,丁晟,王凯 马天宇 王大陆,王凯 马天宇 王大陆 余皑磊 林雪 吴樾 李梦 张艺上 姜珮瑶 李岷城 宁浩 韩寒 丁晟 曾志伟,6307,https://movie.douban.com/subject/26827040/,4.7,31947,13319,1232,7.9,5.5,5.1
新灰姑娘,动画 奇幻 冒险,2018-10-01(中国大陆),87,林恩·萨瑟兰,Kirsten Day Stephanie Sanditz,Kirsten Day Stephanie Sanditz,6014,https://movie.douban.com/subject/30320057/,4.3,1394,651,19,8,,4.9
暴裂无声,剧情 犯罪 悬疑,2018-04-04(中国大陆),120,忻钰坤,宋洋 姜武 袁文康,宋洋 姜武 袁文康 谭卓 王梓尘 安琥 伊天锴,5426,https://movie.douban.com/subject/26647117/,8.2,246454,71497,2245,8.2,7.5,7.2
狗十三,剧情 家庭,2018-12-07(中国大陆),120,曹保平,张雪迎 果靖霖 智一桐,张雪迎 果靖霖 智一桐 代旭 黄诗佳 曹馨月 聂鑫 周珍,5120,https://movie.douban.com/subject/25716096/,8.2,250703,94865,5279,8.2,8.4,7.5
遇见你真好,剧情 喜剧 爱情,2018-03-29(中国大陆),99,顾长卫,白客 蓝盈莹 张海宇,白客 蓝盈莹 张海宇 周楚濋 曹骏 王玉雯 蒋易 李晨晖 范明 蒋雯丽,5101,https://movie.douban.com/subject/26967920/,4.6,17305,6966,387,8.1,6.1,5.3
断片之险途夺宝,喜剧 冒险,2018-12-29(中国大陆),95,罗登,葛优 岳云鹏 杜淳,葛优 岳云鹏 杜淳 蔡卓妍 包贝尔 小沈阳 陈赫 潘斌龙 热依扎 孙越 吕行 张亮 奚梦瑶 杜志国 许君聪 吴俊余 武强,5034,https://movie.douban.com/subject/26882457/,2.8,13465,5770,152,4.8,4.6,2.7
阿修罗,动作 爱情 奇幻,2018-07-13(中国大陆),141,张鹏,吴磊 梁家辉 刘嘉玲,吴磊 梁家辉 刘嘉玲 张艺上 冯嘉怡 明道 董琦 多布杰,4984,https://movie.douban.com/subject/26746958/,3.1,15101,7190,402,6.4,4.0,3.3
谜巢,动作 冒险,2018-01-19(中国大陆),90,金波·兰道,李冰冰 凯南·鲁兹 吴尊,李冰冰 凯南·鲁兹 吴尊 凯尔希·格兰莫 斯黛芬·道森 瑞恩·约翰逊 肖恩·雅克博森 杰森·庄 蒂姆·德莱克斯 克里斯汀·米洛 克洛依·盖伊,4950,https://movie.douban.com/subject/26612285/,3.5,17578,6123,157,7,4.7,4.5
爸，我一定行的,剧情 喜剧 家庭,2018-08-24(中国大陆),100,蓝鸿春,郑润奇 郑鹏生 张咏娴,郑润奇 郑鹏生 张咏娴 李树浩 林俊鑫 陈锦标 周素琴 郑辉松 张翼就 陈昱曦 苏细珍,4707,https://movie.douban.com/subject/30276726/,6.2,5599,2218,293,9,6.6,5.6
卧底巨星,喜剧 动作,2018-01-12(中国大陆),98,谷德昭,陈奕迅 李荣浩 李一桐,陈奕迅 李荣浩 李一桐 陈国坤 崔志佳 许绍雄 刘浩龙 田启文 克里斯·柯林斯 马志威 李聪,3927,https://movie.douban.com/subject/26984538/,3.6,12670,4632,97,6.7,5.1,3.7
战神纪,奇幻 冒险,2018-04-28(中国大陆),119,哈斯朝鲁,陈伟霆 林允 胡军,陈伟霆 林允 胡军 倪大红 李光洁 赵立新 张歆艺 巴森 涂们 巴音 咏梅,3808,https://movie.douban.com/subject/25881611/,3.6,12316,5689,421,6.8,5.3,4.5
大闹西游,喜剧 动画 冒险,2018-09-22(中国大陆),92,马系海,孙晔 沈达威 陶典,孙晔 沈达威 陶典 刘北辰,3785,https://movie.douban.com/subject/30142649/,5.3,1232,455,39,8.2,6.8,
妈妈咪鸭,喜剧 动画 冒险,2018-03-09(中国大陆),90,赵锐 克里斯托弗·詹金斯,赵路 武皓栋 殷筱瑜,赵路 武皓栋 殷筱瑜 金蝉妃 童自荣 吴磊 赵乾景 李传缨 姜玉玲 曹真 王肖兵,3723,https://movie.douban.com/subject/26603666/,7.0,15041,4723,110,8.8,6.6,5.7
我是你妈,剧情 喜剧,2018-05-11(中国大陆),104,张骁,闫妮 邹元清 吴若甫,闫妮 邹元清 吴若甫 吴大维 耿乐 张恒 曾江 廖学秋 那威 吴樾 曹思达 李政阳,3682,https://movie.douban.com/subject/26968024/,4.9,9876,3477,142,8.3,5.4,4.6
脱单告急,喜剧 爱情,2018-04-20(中国大陆),106,柯孟融,董子健 钟楚曦 春夏,董子健 钟楚曦 春夏 袁福福 靳锦 尹雨航 吴昱瑶 刘梦梦 郗婧妍,3502,https://movie.douban.com/subject/26661189/,5.6,10121,4082,161,8.4,5.9,2.4
低压槽：欲望之城,剧情 动作 犯罪,2018-04-28(中国大陆),112,张家辉,张家辉 徐静蕾 何炅,张家辉 徐静蕾 何炅 余男 苗侨伟 元华 林雪 张可颐,3491,https://movie.douban.com/subject/26924141/,4.4,12416,4614,202,7.2,5.9,4.7
奇葩朵朵,喜剧 爱情,2018-04-04(中国大陆),98,李欣 李洋,张若昀 马思纯 李现,张若昀 马思纯 李现 刘敏涛 姜超 李霄云 陈芋米 安笑歌 吴宥萱,3021,https://movie.douban.com/subject/26718803/,4.2,7746,2978,91,8,4.9,
恐龙王,喜剧 动画 冒险,2018-11-10(中国大陆),95,施雅雅,吕佩玉 王衡 孙晔,吕佩玉 王衡 孙晔 穆雪婷 徐思琦 吕梦瑶 李郝瑞 王博 李正翔 苏鑫 许棕哲 拜跃,2860,https://movie.douban.com/subject/30323188/,5.7,798,346,12,8.9,,
金龟子,动画 冒险 家庭,2018-02-02(中国大陆),77,丁实,刘纯燕 张磊 杨晨,刘纯燕 张磊 杨晨 王逸宸 王宁 田波 刘波 张遥函 慧明 郭政建 闻天,2778,https://movie.douban.com/subject/27605297/,5.1,500,141,19,8.5,6.5,
大路朝天,剧情,2018-12-22(中国大陆),120,苗月,李保田 陈瑾 巴登西绕,李保田 陈瑾 巴登西绕 张政勇 孙敏 白威 郭晓峰 孙艺杨,2477,https://movie.douban.com/subject/30402752/,6.1,447,176,10,,,
宝贝儿,剧情,2018-10-19(中国大陆),96,刘杰,杨幂 郭京飞 李鸿其,杨幂 郭京飞 李鸿其,2472,https://movie.douban.com/subject/27039069/,5.2,31936,14515,944,5.7,6.8,6.3
坏爸爸,剧情,2018-02-02(中国大陆),92,兰城序,邵兵 孔琳 孙绍龙,邵兵 孔琳 孙绍龙 赵圆圆 裘恩典 彭梓桁,2448,https://movie.douban.com/subject/26986005/,2.6,330,78,15,8.4,5.1,
猫与桃花源,动画 冒险 家庭,2018-04-05(中国大陆),105,王微,李宇峰 杨砚铎 周华健,李宇峰 杨砚铎 周华健 张喆 陈霖生,2180,https://movie.douban.com/subject/27114911/,6.2,4446,1506,94,8.6,6.2,5.4
魔镜奇缘2,动画 冒险 家庭,2018-06-01(中国大陆),77,陈设,,,2063,https://movie.douban.com/subject/30166791/,,0,167,15,7.9,4.5,
中国合伙人2,剧情,2018-12-18(中国大陆),123,刘亚当,赵立新 凌潇肃 王嘉,赵立新 凌潇肃 王嘉 董琦 马梦唯 寇世勋 王劲松 多布杰 杨轶 王蔚 贺宽 海一天,2027,https://movie.douban.com/subject/30293828/,4.1,5060,1684,61,5.8,5.8,
泡芙小姐,剧情 爱情,2018-02-09(中国大陆),96,张歆艺,张歆艺 王栎鑫 谭维维,张歆艺 王栎鑫 谭维维 陈哲远 于莎莎 孙骁骁 曾一竣 张若星 包贝尔 蒋欣 张静初 张天爱 袁弘 秦岚 郭京飞 李菁菁 赵麒 江珊 王烈 高晓攀 吕夏 孙明明,1934,https://movie.douban.com/subject/26944076/,3.6,7019,3055,108,7.4,5.1,4.7
功夫联盟,剧情 动作,2018-10-26(中国大陆),102,刘镇伟,赵文卓 安志杰 陈国坤,赵文卓 安志杰 陈国坤 杜宇航 书亚信 麦迪娜 张子文 何伟 飞儿,1798,https://movie.douban.com/subject/27008394/,3.2,4422,1928,68,6.8,3.7,4.8
中国蓝盔,剧情 动作 战争,2018-11-23(中国大陆),96,宁海强,徐洪浩 一龙 彭士腾,徐洪浩 一龙 彭士腾 沈浩 王韬 聂远 曹凯 王强 郑卫莉 伊莉莎 达丽雅 GZ 一二先生 尚 蔡明凯,1793,https://movie.douban.com/subject/27102739/,3.4,3634,1448,61,7.7,4.0,
我说的都是真的,喜剧 动作 悬疑,2018-03-30(中国大陆),99,刘仪伟,小沈阳 陈意涵 吴樾,小沈阳 陈意涵 吴樾 连凯 罗海琼 李易祥 朱云峰 刘仪伟,1784,https://movie.douban.com/subject/26806316/,4.8,6726,2227,75,7.8,5.8,
深海历险记,喜剧 动画 冒险,2018-08-24(中国大陆),92,胡里奥·索托·古尔皮德,张璐 陈红 张云龙,张璐 陈红 张云龙 杨希 郭政建 张遥函 胡静 刘琮 敖磊 贾小军 涂小鸦,1760,https://movie.douban.com/subject/30176525/,,0,135,4,8.2,,
天渠,剧情,2018-11-30(中国大陆),93,柏麟,郑强 褚楚 王小挺,郑强 褚楚 王小挺 侯煜 周华 李玉龙 柳秉钰 文俊挺,1455,https://movie.douban.com/subject/30291126/,,0,84,29,,,
古剑奇谭之流月昭明,动作 奇幻 古装,2018-10-01(中国大陆),105,雷尼·哈林,王力宏 宋茜 高以翔,王力宏 宋茜 高以翔 高圣远 吴千语 张智霖 柳岩 李媛 伍嘉成 那威 纪焕博,1412,https://movie.douban.com/subject/26816372/,4.3,6756,2918,156,7.7,5.8,6.0
为你写诗,喜剧 爱情 奇幻,2018-10-26(中国大陆),105,吴克群,吴克群 周依然 周键铭,吴克群 周依然 周键铭 苏士为 仇佩佩 刘晨霞 颜如晶 张本煜 潘粤明 林美秀,1278,https://movie.douban.com/subject/27603669/,3.9,2469,1101,61,6,5.2,
李保国,剧情 传记,2018-08-08(中国大陆),100,赵琦,林永健 颜丹晨 尤勇,林永健 颜丹晨 尤勇 侯天来 吴军 高明 何政军 舒耀瑄 刘芳 李林蔚 戚云鹏 任铭松 李晓强 王匡 孙思翰 施大生 巍子 许文广 范俊良 周正启 晁振轩,1256,https://movie.douban.com/subject/27104330/,7.2,1073,418,126,,7.0,
道高一丈,剧情 犯罪 悬疑,2018-09-06(中国大陆),96,姜凯阳,聂远 谭凯 徐露,聂远 谭凯 徐露 于明加 曲高位 张陆 程煜 宋春丽 刘小宁 石兆琪 董博睿 彭凌 刘泳希 王志刚 史光辉 袁满,1207,https://movie.douban.com/subject/26954268/,4.9,7111,2713,98,7.8,6.0,5.0
信仰者,剧情 传记 历史,2018-08-24(中国大陆),104,杨虎,黄少祺 赵毅 葛子铭,黄少祺 赵毅 葛子铭 李幼斌 卢海华 徐光宇 王力可 侯天来,1160,https://movie.douban.com/subject/30244759/,6.2,608,180,74,,,
天慕,剧情,2018-09-21(中国大陆),99,王强,王挺 索朗卓嘎 巴金旺甲,王挺 索朗卓嘎 巴金旺甲 庄庆宁 蔡卫东 宦普凡 张风 李先亮 刘奕 柳秉钰 陈思宇 王子今 赵军凯 孙学增 哈全贵 杨皓宇 欧戈兰·哈里木拜克 何润达 李佳琪 旦正道尔吉,1052,https://movie.douban.com/subject/27020981/,,0,11,1,,6.3,
说走就走之不说再见,喜剧 爱情 冒险,2018-09-14(中国大陆),,张承,牛骏峰 白举纲 吴谨言,牛骏峰 白举纲 吴谨言 叮当 赵健雷 李诚儒 果靖霖,987,https://movie.douban.com/subject/27611552/,4.4,1093,437,48,8.3,6.2,
24小时：末路重生,动作 科幻 犯罪,2018-01-26(中国大陆),93,布莱恩·斯莫兹,伊桑·霍克 许晴 保罗·安德森,伊桑·霍克 许晴 保罗·安德森 鲁特格尔·哈尔 利亚姆·坎宁安 娜塔莉·博尔特 坦娅·范·格拉恩 哈基姆·凯-卡西姆 珍娜·厄普顿 艾丹·怀托克 蒂龙·基奥 杰瑞米·杨 苏珊·玲·杨 理查德·洛锡安 比约恩·施泰因巴赫 布兰登·默雷 安德鲁·莫尔加多 杰森·梅德 加里·格鲁森 亚历克斯·安洛斯 谢恩·约翰·克鲁格,977,https://movie.douban.com/subject/26724807/,5.1,5634,1721,90,7.9,5.9,5.7
解码游戏,喜剧 动作 犯罪,2018-08-03(中国大陆),99,李海龙,韩庚 凤小岳 李媛,韩庚 凤小岳 李媛 山下智久 廖启智 迈克尔·帕帕约翰,969,https://movie.douban.com/subject/26767512/,3.8,3584,1621,36,7.4,4.1,5.0
照相师,剧情 历史,2018-12-12(中国大陆),112,张唯,谢钢 刘牧 康磊,谢钢 刘牧 康磊 涓子 秦楚明 马东延 于卉怡 上泽 张优 方子怡 刘玉龙,952,https://movie.douban.com/subject/30258232/,5.2,725,303,32,8.8,,
最后一公里,剧情,2018-11-16(中国大陆),104,李伟,李彦锋 王雨晗 徐晨耀,李彦锋 王雨晗 徐晨耀 钟卫华 陈依莎 刘戈滨 赵成顺 苗苗,902,https://movie.douban.com/subject/30367732/,,0,42,16,,,
阿里巴巴三根金发,喜剧 动画 冒险,2018-12-30(中国大陆),82,蒋叶峰,,,882,https://movie.douban.com/subject/30176069/,,0,59,0,7.5,,
小悟空,喜剧 动画 冒险,2018-07-14(中国大陆),85,叶伟青  王以立 ,,,881,https://movie.douban.com/subject/30227725/,5.0,643,240,3,8.5,5.8,
人怕出名猪怕壮,喜剧,2018-02-20(中国大陆),97,彭建伟,沈伐 岳红 方清平,沈伐 岳红 方清平 朱子岩 黄梁宇 刘帅 廖越 林晓东 于代君 李东昌 练卓,838,https://movie.douban.com/subject/27622779/,5.5,692,163,51,8.1,5.4,
又是一年三月三,剧情,2018-12-20(中国大陆),120,马会雷,刘之冰 颜丹晨 孙亮,刘之冰 颜丹晨 孙亮 厉家兵 仁青娜姆 李丰蔚 田娜 田牧童 武文佳,806,https://movie.douban.com/subject/30214071/,,0,6,18,,,
脱皮爸爸,剧情 喜剧 奇幻,2018-03-23(中国大陆),105,司徒慧焯,吴镇宇 古天乐 春夏,吴镇宇 古天乐 春夏 蔡洁 田蕊妮 费曼,803,https://movie.douban.com/subject/26661194/,5.5,4230,1585,98,7,6.9,5.9
春天的马拉松,剧情,2018-12-14(中国大陆),90,夏晓昀,张铎 郑昊 徐百卉,张铎 郑昊 徐百卉 杨立新 杨昆,761,https://movie.douban.com/subject/30304044/,,0,81,13,,,
未择之路,剧情 犯罪,2018-09-14(中国大陆),113,唐高鹏,王学兵 朱耕佑 马伊琍,王学兵 朱耕佑 马伊琍 王旭峰 岳小军 王槊 曲高位,745,https://movie.douban.com/subject/26607969/,6.8,13679,5210,223,7.8,7.1,6.5
香港大营救,剧情 动作 历史,2018-05-04(中国大陆),95,刘一君,成泰燊 颜丙燕 梁俊一,成泰燊 颜丙燕 梁俊一 霍青 王晖 田牧宸 杨紫彤 美浓轮泰史 大村波彦 大冢匡将 柴尧 黄俊彬 翁长特 姚未平 陈晓雪,678,https://movie.douban.com/subject/26769474/,4.6,921,333,30,7.9,5.6,
大寒,剧情 战争,2018-01-12(中国大陆),110,张跃平,张双兵 鲁园 许薇,张双兵 鲁园 许薇 李可 张世民 罗永恒 张晋 何晋喜 马妮,670,https://movie.douban.com/subject/26392877/,,0,129,40,9.4,8.5,
小公主艾薇拉与神秘王国,动画 冒险 家庭,2018-05-12(中国大陆),78,罗洋,,,662,https://movie.douban.com/subject/30183489/,3.3,553,305,16,6.8,,
敦煌不了情,喜剧 爱情 冒险,2018-01-23(中国大陆),92,郭宜林,林保怡 梦丽 曹操,林保怡 梦丽 曹操 赵圆圆 房程程 远明 鲁园 彭波 李炳渊 好弟,612,https://movie.douban.com/subject/27179424/,,0,44,19,,6.1,0
麦兵兵之夺宝联“萌”,喜剧,2018-01-27(中国大陆),87,胡鹤译,张震 李侥 凌振赫,张震 李侥 凌振赫 邱秋 惠龙 李楠 张赫 严明 张予彤 陆葵 刘芊含 麦兵兵 MC布飞 恩迪哥 苗青 孙祖军 龙洋洋 许仙 安德森 夏天 陈三木 史艳 王雅婷 瘦不了,606,https://movie.douban.com/subject/26548048/,,0,161,25,7.4,6.4,
出山记,纪录片,2018-04-20(中国大陆),98,焦波,,,589,https://movie.douban.com/subject/30162172/,,0,87,21,,,
远去的牧歌,剧情,2018-09-11(中国大陆首映),94,阿迪夏·夏热合曼 周军,海拉提·哈木 马尔江·巴依吐肯,海拉提·哈木 马尔江·巴依吐肯,574,https://movie.douban.com/subject/30327768/,,0,178,6,,,
文朝荣,传记,2018-07-28(中国大陆),99,张仲伟,王洛勇 王亚军 刘永生,王洛勇 王亚军 刘永生 马岩 许言 范宇宸 刘家瑜 曾翔飞 杨璨地,549,https://movie.douban.com/subject/30252429/,,0,33,2,,,
警车联盟,动画 冒险,2018-12-30(中国大陆),90,邓志基,云鹤追 杨慧紫 楚衔,云鹤追 杨慧紫 楚衔 刘琮 苏尚卿 林琳 张博恒 李昊甲 季骜杰 张琰 邵彤,531,https://movie.douban.com/subject/27097866/,,0,27,2,8.6,,
您一定不要错过,纪录片,2018-07-06(中国大陆),99,麦丽丝,崔永元 王心刚 王晓棠,崔永元 王心刚 王晓棠 恩和森 斯琴高娃 腾格尔 艾丽娅,528,https://movie.douban.com/subject/30255216/,5.6,1959,840,75,8.8,5.8,
美食大冒险之英雄烩,动作 动画 冒险,2018-08-17(中国大陆),98,孙海鹏,杨光普照 孟宇 张喆,杨光普照 孟宇 张喆 郭政建,503,https://movie.douban.com/subject/26290398/,7.6,1797,434,59,8.6,,0
那些女人,剧情,2018-09-03(中国大陆),114,吴贻弓 江平 李作楠,何赛飞 胡可 殷桃,何赛飞 胡可 殷桃 白冰 谢林彤 马伊琍 姚晨 茹萍 周冬雨 夏雨 陈龙 佟大为 牛犇 岳红 巩汉林 金珠 王千源 张一山 王景春 马精武 许凝 李木子 张山 肖荣生 佟瑞欣 陈创 邱林 郑毓芝 郑昊 侯勇 保剑锋 秦怡 傅绍杰 于蓝 张目 祝希娟 宋晓英 陶玉玲 谢芳 祖锋,496,https://movie.douban.com/subject/26574965/,,0,106,11,8.5,,0
吃货宇宙,喜剧 科幻 动画,2018-06-16(中国大陆),89,陈廖宇,张鹤来 张栩儿 刘思童,张鹤来 张栩儿 刘思童 吴旭 孙博 陈子平 崔志刚 廖伟 郭笑 孙照博 将小北 胖妞,486,https://movie.douban.com/subject/26791910/,5.9,2170,887,37,8,5.0,
生活万岁,纪录片,2018-11-27(中国大陆),94,程工 任长箴,,,485,https://movie.douban.com/subject/30337214/,7.4,7011,3110,191,9,7.4,
李学生,剧情 传记,2018-08-28(中国大陆),100,王虎,宋禹 滕艺 董博先,宋禹 滕艺 董博先 李恒 吴铭,477,https://movie.douban.com/subject/30185214/,,0,38,9,,,
龟兔大作战,喜剧 动画 冒险,2018-12-30(中国大陆),83,代长浩,,,477,https://movie.douban.com/subject/30387308/,,0,47,1,7.7,,
两只小猪之勇闯神秘岛,儿童 动画 冒险,2018-12-30(中国大陆),80,罗红胜,,,462,https://movie.douban.com/subject/30292587/,,0,26,0,6.6,,
毕业作品,剧情 爱情 冒险,2018-04-13(中国大陆),86,许斌,张一山 丁丁 朱泳腾,张一山 丁丁 朱泳腾 温海波 白海涛 张翰 杨凯迪 穆丽燕 王艺伦,457,https://movie.douban.com/subject/26692647/,3.3,2576,937,34,7.6,5.0,
给19岁的我自己,剧情 爱情,2018-05-29(中国大陆),98,黄朝亮,林柏宏 石安妮 王芊,林柏宏 石安妮 王芊 何明翰 苑琼丹 兰昊宇 刘金,439,https://movie.douban.com/subject/26931155/,4.9,1735,686,53,8.1,,7.3
黑暗迷宫,犯罪 悬疑,2018-10-31(中国大陆),97,温河,聂远 葛天 杜奕衡,聂远 葛天 杜奕衡 初俊辰 栾元晖 余薇薇 卢卓 程爽 陈震 戚蓝尹 郭家诺 常诚,412,https://movie.douban.com/subject/26715845/,5.4,2567,863,66,7.7,6.2,
西北风云,剧情 犯罪,2018-04-13(中国大陆),96,黄璜,任达华 余男 彭敬慈,任达华 余男 彭敬慈 高捷,403,https://movie.douban.com/subject/26022319/,3.5,1568,602,43,6.6,4.9,
寻找罗麦,剧情 爱情,2018-04-13(中国大陆),83,王超,韩庚 杰瑞米·埃尔卡伊姆 菅纫姿,韩庚 杰瑞米·埃尔卡伊姆 菅纫姿 阿丽斯·德·朗克桑 海伦·文森特 雷诺·科恩 胡瑞杰 安迪·吉雷 邓紫衣 罗阜艺 朱宏奇,402,https://movie.douban.com/subject/25727544/,4.3,5055,2045,154,7.1,5.9,4.9
暗夜良人,剧情 悬疑,2018-06-06(中国大陆),90,王俊潾,何乙轩 李运佳 周舟,何乙轩 李运佳 周舟 黄娟 杨坤锐 李延 王渊 王正佳 刘锦 李一明 张依珂 季李 田雨 周小鹏 许之糯 吕一丁 张京海 徐福来 常征 孔庆三 边防 杜伯 苏强 王俊潾 高果 孙博 刘建军 梅景洪 李少林 高玉林 张业福 苏佳男 杨瑞承 吴梓铭 田甲右 刘欣刚 岳阳,399,https://movie.douban.com/subject/27157647/,4.0,715,310,31,,,
S4侠降魔记,喜剧,2018-01-26(中国大陆),93,李克龙,刘小光 文松 黄俊鹏,刘小光 文松 黄俊鹏 王雅捷 廖蔚蔚 来喜 邵峰 谈莎莎 赵岩松 孟璐 汪奇,363,https://movie.douban.com/subject/26666947/,3.6,1171,349,8,7.9,2.3,0
你美丽了我的人生,爱情 音乐 歌舞,2018-11-02(中国大陆),90,阎清秀 于德安,玉米提 古丽米娜·麦麦提 金星,玉米提 古丽米娜·麦麦提 金星,363,https://movie.douban.com/subject/26985916/,,0,115,17,8.8,,
午夜幽灵,悬疑 惊悚 恐怖,2018-10-12(中国大陆),81,李耀东,宫哲 廖娟 梅俪儿,宫哲 廖娟 梅俪儿 贲蓝琪 健子 张楠 李景良,337,https://movie.douban.com/subject/30128986/,,0,70,6,4.1,,
冷恋时代,喜剧 爱情,2018-09-21(中国大陆),90,童江南,姚星彤 立威廉 董琦,姚星彤 立威廉 董琦 梦丽 朱璇 李若斯 李木子 万梓良 苏国涛,335,https://movie.douban.com/subject/24743257/,3.3,371,152,32,7.3,6.2,
午夜整容室,惊悚 恐怖,2018-12-14(中国大陆),82,曹志鹏,赖晶晶 王李丹妮 陈垚,赖晶晶 王李丹妮 陈垚 潘彦妃 雷诺儿,321,https://movie.douban.com/subject/30296766/,2.9,414,164,8,5.4,,
二十岁,剧情,2018-11-30(中国大陆),98,刘畅,屈楚萧 孔垂楠 叶子诚,屈楚萧 孔垂楠 叶子诚 于文文 徐晓璐 包贝尔 代乐乐 杨新鸣 张美娥 伍宇辰柠,320,https://movie.douban.com/subject/26756259/,3.8,1724,589,27,7.2,,0
尖叫直播,喜剧,2018-04-29(中国大陆),101,陈晨 周英男,文松 修睿 夏梓桐,文松 修睿 夏梓桐 晨梓妍 姜玉铬 魏冰洋 汪智潮 韩玲敏 马京京 隋雨辰 闵天浩 刘流 陈志辉,311,https://movie.douban.com/subject/30198302/,,0,172,4,7.5,5.8,
记忆折叠,悬疑 惊悚,2018-11-16(中国大陆),85,张博维  陈鹏翱 刘安琪,颜卓灵 张赫 曲尼次仁,颜卓灵 张赫 曲尼次仁 李诺诺 黄巾龙 张墨锡,309,https://movie.douban.com/subject/27614899/,3.5,310,131,5,,,
超时空大冒险,动画 冒险 家庭,2018-12-01(中国大陆),75,李宝坤,,,285,https://movie.douban.com/subject/30317053/,,0,23,0,6.9,,
肆式青春,动画,2018-08-04(日本/中国大陆),74,李豪凌 易小星 竹内良贵,坂泰斗 寿美菜子 白石晴香,坂泰斗 寿美菜子 白石晴香 安元洋贵 大冢刚央 长谷川育美 白客 彭师欣 唐雅菁 陈颖晖 梁达伟 林美玉,283,https://movie.douban.com/subject/30156898/,5.5,14889,5573,180,7.7,6.3,6.5
灵魂契约,惊悚 恐怖,2018-10-26(中国大陆),89,王辰六,王小岩 陆翊 王廷晖,王小岩 陆翊 王廷晖 贾明瑛,274,https://movie.douban.com/subject/30319598/,,0,43,6,5.6,,
大世界,剧情 犯罪 动画,2018-01-12(中国大陆),77,刘健,朱昌龙 曹寇 杨思明,朱昌龙 曹寇 杨思明 马晓峰 曹恺 刘健 薛峰 朱虹 王达 施海涛 郑懿,263,https://movie.douban.com/subject/26954003/,7.0,38497,14488,368,7.1,7.5,6.5
恐怖浴室,惊悚 恐怖,2018-06-08(中国大陆),90,陆诗雨,张星阑 刘国光 吴洋,张星阑 刘国光 吴洋 宋天湙 臧鸿飞,254,https://movie.douban.com/subject/30212351/,2.3,590,237,24,5,,
路过未来,剧情,2018-05-17(中国大陆),129,李睿珺,杨子姗 尹昉 李勤勤,杨子姗 尹昉 李勤勤 王婷 娜仁花 周波 陈雨锶 周云蓬,254,https://movie.douban.com/subject/26909423/,6.6,5455,2552,327,7.6,6.7,7.2
阿拉姜色,剧情 家庭,2018-10-26(中国大陆),109,松太加,容中尔甲 尼玛颂宋 赛却加,容中尔甲 尼玛颂宋 赛却加,244,https://movie.douban.com/subject/30181130/,7.6,11297,4179,169,8.7,7.6,7.1
解剖室灵异事件之男生宿舍,惊悚 恐怖,2018-08-31(中国大陆),85,战越,陈楚洹 黄启航 龚婉怡,陈楚洹 黄启航 龚婉怡 张艺舰 朱拉拉,239,https://movie.douban.com/subject/30263334/,,0,109,3,,,
午夜十二点,惊悚 恐怖,2018-04-28(中国大陆),87,张孝爽,谭佑铭 倪新宇 胡悦,谭佑铭 倪新宇 胡悦 孙亿舒 贺睿 冯雪鑫 王珞嘉 魏梦,236,https://movie.douban.com/subject/30187395/,,0,132,5,4.4,4.4,
纯洁心灵·逐梦演艺圈,剧情 喜剧,2018-02-09(中国大陆重映),98,毕志飞,朱哲健 李彦漫 陈思瀚,朱哲健 李彦漫 陈思瀚 张芷榕 毕志飞 蒋龙 薛皓 王渊慧 辛祚宇 兰海隆 姜珮瑶 郭庭 王笑一 马瑜遥 张琳然 刘子铭 王曲浩然 杨佳佳 刘玲钰,234,https://movie.douban.com/subject/26322774/,2.2,79984,31786,590,6.8,2.4,1.0
美丽童年,儿童,2018-07-13(中国大陆),90,陈静,周诗琪 郑子寒 胡伊睿,周诗琪 郑子寒 胡伊睿 刘一莹 姬他 李光复 王熙普 鲍大志 刘惠仪,233,https://movie.douban.com/subject/27194322/,,0,20,20,,,
恐怖快递,惊悚,2018-11-23(中国大陆),90,杨振豪,李晨浩 汤晶媚 沈建宏,李晨浩 汤晶媚 沈建宏 姚一奇 任娇 曾江,227,https://movie.douban.com/subject/26656814/,,0,100,1,3.1,,0
米花之味,剧情,2018-04-20(中国大陆),95,鹏飞,英泽 叶不勒 叶门,英泽 叶不勒 叶门 叶拼 林晓初 茶艾南,227,https://movie.douban.com/subject/27077266/,7.5,13446,5129,198,8.5,7.3,6.8
两个俏公主,儿童 动画 奇幻,2018-11-10(中国大陆),86,薛玉峥,,,223,https://movie.douban.com/subject/30353531/,,0,56,134,7.6,,
暮光·巴黎,爱情 奇幻,2018-10-26(中国大陆),91,万沥方 董方辰,塞缪尔·默瑟 西里尔·迪雷尔 苏珊娜·罗尔特-巴利特,塞缪尔·默瑟 西里尔·迪雷尔 苏珊娜·罗尔特-巴利特 米歇尔·贝尔 童菲 玛丽·布奈尔 艾瑞克·鲍尼恩 罗宾·希纳西 阿德里安·布吕尼耶 曹美丽,209,https://movie.douban.com/subject/26878103/,3.7,1035,367,48,6.8,4.8,
惊慌失色之诡寓,悬疑 惊悚,2018-08-24(中国大陆),86,齐迹,梁辰羽 樱雪 代佳夕,梁辰羽 樱雪 代佳夕 李卫东 杨一凡 齐迹 张公乐 高鸿炜 曾芳婷 徐凡 李子胤 李思贤 陈皓 沙轩,207,https://movie.douban.com/subject/30237381/,,0,69,17,5.1,,0
禹神传之寻找神力,动画 奇幻 冒险,2018-09-15(中国大陆),80,李金保,王雪沁 吴凡 周宗禹,王雪沁 吴凡 周宗禹 张艺文 唐泽宗,206,https://movie.douban.com/subject/30227727/,,0,31,1,,,
黄大年,剧情 传记,2018-12-12(中国大陆),89,成科,张秋歌 史可 哈斯高娃,张秋歌 史可 哈斯高娃 李卓琳 徐光宇,205,https://movie.douban.com/subject/30185236/,,0,54,2,,,
旅行吧！井底之蛙,动画 奇幻 冒险,2018-08-18(中国大陆),78,陈设,王雪沁 吴凡 周宗禹,王雪沁 吴凡 周宗禹 强光宗 张艺文 唐泽宗 濮心宇,204,https://movie.douban.com/subject/30236775/,,0,60,1,,,
时空偷渡少女,爱情 奇幻,2018-02-01(中国大陆),92,吴琴,王安琪 王辰硕 高寒,王安琪 王辰硕 高寒 廖成霖 严忆琳 高嵩 何志龙 包磊 隋丽娟 许金权 金逸文,201,https://movie.douban.com/subject/26873029/,4.0,590,202,52,,,
玲珑井,悬疑 惊悚,2018-03-16(中国大陆),81,海鹏,宋睿 罗翔 曾漪莲,宋睿 罗翔 曾漪莲 余爱笑 张佳浩 董海歌,198,https://movie.douban.com/subject/26984234/,2.5,356,142,6,3.5,3.7,
亲爱的，我要和别人结婚了,爱情 灾难,2018-05-12(中国大陆),92,覃傑,保剑锋 戚砚笛 徐一娢,保剑锋 戚砚笛 徐一娢 曹祎诺 康亢 秦佳 李小彤,194,https://movie.douban.com/subject/27608425/,4.0,660,272,23,8.1,,
西小河的夏天,剧情 家庭,2018-05-25(中国大陆),102,周全,张颂文 谭卓 顾宝明,张颂文 谭卓 顾宝明 董晴 荣梓杉,192,https://movie.douban.com/subject/26799232/,6.8,9281,3563,179,7.8,7.2,6.7
凌晨两点半,悬疑 惊悚,2018-04-13(中国大陆),86,王静儿,陈美行 周庚禹 王子航,陈美行 周庚禹 王子航 李哲羽 张敬阳 朱德丽 陈泽帆 胡大中 汪池 王思思 于亚男 张云海 张骆琳 陈快乐,187,https://movie.douban.com/subject/27200820/,2.6,359,170,8,2.7,3.5,
足球王者,动画 运动,2018-08-31(中国大陆),90,刘骏,禹祥 绿绮 瀚墨,禹祥 绿绮 瀚墨 囧森瑟夫 KIKI 莫谦,185,https://movie.douban.com/subject/30238277/,,0,17,7,8.4,,
让我怎么相信你,剧情 喜剧,2018-09-14(中国大陆),88,梁青儿 梁小凉,梁天 安乙荞 文松,梁天 安乙荞 文松 闫妮 关婷娜 叶萌 谢梦华,184,https://movie.douban.com/subject/30199575/,5.2,611,238,16,8.2,,
闽宁镇,剧情,2018-12-06(中国大陆),115,董玲,姬他 王洛勇 曹馨月,姬他 王洛勇 曹馨月 尚铁龙 周波 张圣岳 乌兰托雅朵,182,https://movie.douban.com/subject/30391495/,,0,28,7,,,
勇敢往事,剧情,2018-09-12(中国大陆),91,叶田,赵静 王勇 刘磊,赵静 王勇 刘磊 屠画 龚芳妮 潘兴源 范泽威 蒋敏斐 脑门额尔德尼,181,https://movie.douban.com/subject/27191430/,,0,332,41,,,
小狗奶瓶,儿童 家庭,2018-02-02(中国大陆),91,彭力,奶瓶 康潇诺 高婷婷,奶瓶 康潇诺 高婷婷 陈一榕 魏子涵 亓小飞,165,https://movie.douban.com/subject/27621546/,6.6,453,190,12,9,,
古墓兽影,动作 惊悚,2018-09-13(中国大陆),90,李麒麟,聂远 莫少聪 安泽豪,聂远 莫少聪 安泽豪 殷旭 范植伟 宋之光 段博文 骆佳,154,https://movie.douban.com/subject/30311865/,3.3,596,217,9,6.2,,3.6
黄金花,剧情,2018-04-28(中国大陆),91,陈大利,毛舜筠 凌文龙 吕良伟,毛舜筠 凌文龙 吕良伟 刘美君 冼色丽 余安安 谈善言 郑欣宜 江欣燕 林建明 林兆霞,151,https://movie.douban.com/subject/26868408/,6.6,5306,1814,63,8.5,6.8,6.3
细思极恐,惊悚 恐怖,2018-07-06(中国大陆),92,张跃斌,韩素媛 蓝波 庞贝童,韩素媛 蓝波 庞贝童 曹菡 徐子力 江森 王艺明 耿阳 周峰 邓刚,150,https://movie.douban.com/subject/30235134/,,0,225,3,4,,
毛骨悚然之红衣男孩,悬疑 惊悚,2018-06-01(中国大陆),86,孙杰,孙丹丹 陈奕鸣 孙家文,孙丹丹 陈奕鸣 孙家文 许喵喵,148,https://movie.douban.com/subject/30210411/,,0,136,4,5.2,,
冒牌搭档,喜剧,2018-11-30(中国大陆),86,林子聪 柯丁图,林子聪 艾晓琪 陈浩民,林子聪 艾晓琪 陈浩民 陈国坤 金刚 林雪 黄一山 李健仁 罗家英 田启文 那威 周奇奇,147,https://movie.douban.com/subject/30329714/,3.5,1135,505,17,6.4,,
命运速递,剧情 喜剧 犯罪,2018-05-25(中国大陆),90,李非,赵炳锐 吕晓霖 余皑磊,赵炳锐 吕晓霖 余皑磊 啜妮 张优 李非 顾长卫,141,https://movie.douban.com/subject/25918677/,6.3,5084,1909,101,7.2,6.3,6.0
八仙,动画,2018-11-03(中国大陆),87,曹博,,,138,https://movie.douban.com/subject/30227718/,,0,58,16,,,
一个人的课堂,剧情 儿童,2018-01-16(中国大陆),117,李军林,孙海英 王乃训 韩三明,孙海英 王乃训 韩三明,137,https://movie.douban.com/subject/26628256/,6.7,643,220,28,9.1,,
开学悸,惊悚 恐怖,2018-11-09(中国大陆),86,高朋 刘鼎业,秦语 曾淇 赵艺,秦语 曾淇 赵艺 曹晏豪 刘颖颖,137,https://movie.douban.com/subject/26774001/,,0,109,3,3.4,,
荒城纪,剧情 喜剧,2018-05-18(中国大陆),104,徐啸力,李畅 郝星棋 斯琴高娃,李畅 郝星棋 斯琴高娃 褚栓忠 王建国 阎青妤 高军 韩三明,137,https://movie.douban.com/subject/30167129/,6.9,7392,2386,184,7.9,7.2,6.7
热土,剧情,2018-12-28(中国大陆),102,周琦,吴其江 赵梦迪 李宝安,吴其江 赵梦迪 李宝安 李华 王馨琳 姚阔 杨采儿 李军 舒耀瑄 曹阳 梁椰文 兰岚 项洪 马可,134,https://movie.douban.com/subject/30405009/,,0,3,1,,,
因果启示录,剧情,2018-06-08(中国大陆),90,王陆涛,王姬 庹宗华 英壮,王姬 庹宗华 英壮 常索妮 傅冲 牛犇 姜少华 钱漪 孟秀 刘李优优 孙浩 向鼎 吴晴 桑吉平措 濡雪 高捷 陈平 陈薪羽 郭宏杰 吴泽琦 张逸松 王燚 高飞 王译 房博宇 赵鹏 孟奇,133,https://movie.douban.com/subject/30205398/,,0,41,9,8,,
伊阿索密码,科幻 悬疑 惊悚,2018-06-22(中国大陆),88,李伟 张楠,梁静 赵立新 李兰迪,梁静 赵立新 李兰迪 王佳佳 周明汕 胡晓光 杨轶 董大庆 贺宽 李圣佳,131,https://movie.douban.com/subject/26677141/,3.8,645,250,44,6.8,6.1,6.0
大三儿,纪录片,2018-08-20(中国大陆),106,佟晟嘉,叶云,叶云,130,https://movie.douban.com/subject/27119292/,7.6,8328,3213,166,8.8,7.4,7.1
灵魂当铺之时间典当,爱情 科幻 悬疑,2018-03-09(中国大陆),86,刘赫尧,乔乔 蒋方婷 曹卫宇,乔乔 蒋方婷 曹卫宇 姚奕辰 赵曼竹,128,https://movie.douban.com/subject/27085923/,,0,95,1,5.5,4.5,0
监狱犬计划,剧情 喜剧,2018-06-21(中国大陆),98,郭大雷,郝蕾 刘帅良 裴魁山,郝蕾 刘帅良 裴魁山 韩彦博 大力 阿如那 刘慧,125,https://movie.douban.com/subject/27166974/,3.9,685,248,43,7.3,5.8,
一百年很长吗,纪录片,2018-12-01(中国大陆),106,萧寒,黄忠坚 张雪菲 阿合特,黄忠坚 张雪菲 阿合特,124,https://movie.douban.com/subject/30359014/,7.0,2083,1052,92,8.1,,
忠犬大营救,剧情 爱情 冒险,2018-11-23(中国大陆),90,张帆,靓仔 小金 刘晓晔,靓仔 小金 刘晓晔 纪帅 吴晴 杨舒涵 张山 黄一飞 徐浩霖 施羽,121,https://movie.douban.com/subject/27662353/,,0,57,5,,,
非洲遇见你,喜剧 动作 爱情,2018-10-19(中国大陆),,崔燕,杨玥 王梓权 德温·沃勒尔,杨玥 王梓权 德温·沃勒尔 缪艺豪 王往 张杨智子 安东尼·加瓦德 杨名 黄锦江,114,https://movie.douban.com/subject/27201451/,,0,10,8,,,0
我要去远方,剧情 喜剧 爱情,2018-10-16(中国大陆),97,孙传林,何为 魏嘉镁 贺云庆,何为 魏嘉镁 贺云庆 韩伯维,112,https://movie.douban.com/subject/30196863/,,0,33,33,,,
海龙屯,纪录片,2018-07-13(中国大陆),81,朱晶,张先童 李秋盛 曹彦锋,张先童 李秋盛 曹彦锋 戚畅,108,https://movie.douban.com/subject/27114204/,,0,50,49,,0.0,
蓝色金鱼,爱情 冒险,2018-06-04(中国大陆),87,唐明智,朱孝天 蓝燕 曲木古火·秋风,朱孝天 蓝燕 曲木古火·秋风 闫鹿杨,106,https://movie.douban.com/subject/30215189/,,0,74,5,,,
三国杀·幻,动作 爱情 悬疑,2018-11-09(中国大陆),94,吕柯憬,郑伊健 于荣光 谢天华,郑伊健 于荣光 谢天华 贾青 林晓峰 逯子 靳芊芊 王铮 李成敏 叶无道 邱雨铄 高健 方平,105,https://movie.douban.com/subject/25857301/,,0,126,16,7.1,5.6,
台仙魔咒,悬疑 惊悚,2018-11-02(中国大陆),88,宋睿,罗翔 刘书含  叶常清,罗翔 刘书含  叶常清 曾漪莲 刘婧,101,https://movie.douban.com/subject/27079337/,,0,18,0,,0.0,
最后的棒棒,纪录片,2018-08-17(中国大陆),99,何苦,何苦,何苦,101,https://movie.douban.com/subject/30254589/,6.6,2184,966,69,9,6.4,
无眸之杀,悬疑 惊悚,2018-03-23(中国大陆),82,沈嵘,洪秀儿 李雅男 袁伶嫣,洪秀儿 李雅男 袁伶嫣 于非,98,https://movie.douban.com/subject/26737491/,,0,153,2,5.6,6.2,
泡菜爱上小龙虾,喜剧 奇幻,2018-06-15(中国大陆),100,虞军豪,金起范 徐申东 元华,金起范 徐申东 元华 陈德容 苑琼丹 张兆辉 王惠乔 虞尊翔,95,https://movie.douban.com/subject/26425435/,2.5,452,182,12,,3.8,
萌学园：寻找盘古,儿童 奇幻 冒险,2018-07-28(中国大陆),96,李权峰,李昂霖 林奕勋 刘书宏,李昂霖 林奕勋 刘书宏 翁瑞迪 蔡孟颖 林昀希 傅冠杰 杨子仪 朱晴渝 郭侑纪 时男 刘碑歌 曹曦月 海铃 夏宇童 许京川,86,https://movie.douban.com/subject/26754880/,,0,106,7,,,
张艺谋和他的“影”,纪录片,2018-10-12(中国大陆),94,汪鹏,张艺谋 赵小丁 陈敏正,张艺谋 赵小丁 陈敏正 马光荣 谷轩昭 白小妍 王星会 黄海 捞仔 张涛 封柏 贾文瑞 任茂成 邓超 孙俪 郑恺 王千源 胡军 关晓彤 吴磊 王景春,82,https://movie.douban.com/subject/30255138/,7.1,5890,1946,21,8.9,7.1,
姽婳,惊悚 恐怖,2018-06-29(中国大陆),92,尚永峰,闫鹿杨 姜文轩 赵婉娇,闫鹿杨 姜文轩 赵婉娇 李铁军 刘冰玥 宋国鑫 闫冠英 于飞 于洛熙,76,https://movie.douban.com/subject/30241999/,,0,153,4,4.3,,
一纸婚约,剧情 爱情,2018-06-08(中国大陆),93,张辉,刘熙阳 张辉 张一山,刘熙阳 张辉 张一山 杨紫 关晓彤 王劲松,75,https://movie.douban.com/subject/26864182/,2.9,5328,2627,69,6.4,,0
地层深处,纪录片,2018-11-09(中国大陆),90,宋占涛,,,74,https://movie.douban.com/subject/26373536/,6.8,67,32,6,,,0
理想之路,剧情 动作,2018-04-20(中国大陆),88,柯宙,史洪波 张乃元 乐子龙,史洪波 张乃元 乐子龙 王钧康 林伟 李子奇 安德鲁·达兹,73,https://movie.douban.com/subject/27149979/,,0,19,5,,,8.2
北方一片苍茫,剧情,2018-07-20(中国大陆),105,蔡成杰,田天 韩建玲 赵树林,田天 韩建玲 赵树林 李桂苓 郭丰赫 温新宇 王富有 付柄丽 冯淑燕,73,https://movie.douban.com/subject/27079318/,6.8,9524,3978,147,8.2,7.2,6.9
吻隐者,剧情 爱情,2018-09-07(中国大陆),108,李燕宁,谭卓 李至正 孙亦沐,谭卓 李至正 孙亦沐,70,https://movie.douban.com/subject/26928809/,3.8,552,193,15,,,
快乐星球之三十六号,儿童 科幻,2018-06-30(中国大陆),90,张惠民,赵克明 张子扬 马嘉祺,赵克明 张子扬 马嘉祺 张惠民 王天发 孙苏雅 张兆艺,69,https://movie.douban.com/subject/26775743/,,0,225,14,7.8,6.2,
极品师徒,喜剧 动作 爱情,2018-09-21(中国大陆),98,冯万里,战天泽 王翔 叶良财,战天泽 王翔 叶良财 陈沛江 潘章明 崔嵩 刘芮侨 巴多 苏倩薇 战爱春,65,https://movie.douban.com/subject/27597216/,,0,53,14,,,
草戒指,剧情 爱情,2018-09-07(中国大陆),,洪亦平,洪亦平 马靓 黄海冰,洪亦平 马靓 黄海冰 胡锰 孙翔 陈义贞 梁国荣 亢继辉 梅寒,62,https://movie.douban.com/subject/27204180/,,0,16,4,,,
七号公馆,喜剧 悬疑 惊悚,2018-05-11(中国大陆),94,叶天行,梁小龙 张继聪 林雪,梁小龙 张继聪 林雪 邵音音 冉冉 张子栋 陆剑明 王茂蕾 赵铭 武波 松田优 木川圭作 由美子 福留真由美,62,https://movie.douban.com/subject/27065636/,,0,94,6,5.1,,
冥王星时刻,剧情,2018-12-07(中国大陆),110,章明,王学兵 刘丹 曾美慧孜,王学兵 刘丹 曾美慧孜 易平 易大千 李心然 母其弥雅,60,https://movie.douban.com/subject/26887153/,6.6,8736,3884,94,,6.4,6.3
清水里的刀子,剧情,2018-04-04(中国大陆),93,王学博,杨生仓,杨生仓,58,https://movie.douban.com/subject/26593732/,6.6,3694,1475,91,8,6.7,6.5
冰封迷案,悬疑 惊悚,2018-04-20(中国大陆),95,唐宇,卫仑 黄米依 杜翊,卫仑 黄米依 杜翊 苗青 闻诗佳 何靖 韩秋池 聂宁 童雨宸,52,https://movie.douban.com/subject/26760161/,3.7,449,189,18,5.8,,
盲·道,剧情 犯罪,2018-02-02(中国大陆),110,李杨,李杨 杜函梦 于越,李杨 杜函梦 于越 胡明,52,https://movie.douban.com/subject/26415327/,4.9,4090,1661,139,7.4,6.4,5.8
在天堂等我,爱情 灾难,2018-11-30(中国大陆),129,王军,李滨 于非非 毛孩,李滨 于非非 毛孩 李梦男 肥龙 苇青 彭玉 马德华 李勤勤 刘伟 张洪杰 苗苗 娜仁花 赵倩 穆建荣 柏辰 罗赞袭,50,https://movie.douban.com/subject/27180977/,,0,69,17,,,
天下第一镖局,动作 古装,2018-08-24(中国大陆),90,陶盟喜,樊少皇 车永莉 释彦能,樊少皇 车永莉 释彦能 施南 吕良伟 陈之辉 史洪波 巴多 王海祥 徐冬梅 容尔甲 孙明明 李炳雷 答有为 连凯 周浩东 卢惠光 陈超  梁家仁 张宝雯 李炳渊 李长海 张家荣 张衡 李沛泽 田雨晴 陶日金 蒋列 胡蓉蓉 张佳维 金博涵 何梓铭,50,https://movie.douban.com/subject/27107604/,4.2,780,315,22,6.8,5.0,
青春不留白,剧情 喜剧,2018-06-29(中国大陆),97,尹大为,宦宇 高雪儿 马祥睿,宦宇 高雪儿 马祥睿 武文 尹大为 陈俊宇 嘉男海林 黄映莹,48,https://movie.douban.com/subject/27622690/,,0,21,11,,,
血十三,剧情 犯罪 悬疑,2018-06-15(中国大陆),99,李聆聪,黄璐 谢钢 钱波,黄璐 谢钢 钱波 李恒 李滨,47,https://movie.douban.com/subject/26888820/,4.2,1022,345,30,,5.4,4.8
进击的男孩,喜剧 爱情,2018-12-07(中国大陆),94,许添,李艾 庞瀚辰 包文婧,李艾 庞瀚辰 包文婧 李林 蒋诗萌 黄晋琨 马睿 许添,46,https://movie.douban.com/subject/27204895/,,0,130,19,,,
破天荒,剧情,2018-12-14(中国大陆),90,罗金耀,晋松 草莓 Vander McLeod,晋松 草莓 Vander McLeod 张恒睿 刘婷驿,44,https://movie.douban.com/subject/30400719/,,0,37,1,,,
破梦游戏,动作 冒险,2018-11-09(中国大陆),104,韩琰,陈都灵 宋威龙 张宥浩,陈都灵 宋威龙 张宥浩 盖玥希 曹曦文 高圣远 金世佳 吕绍聪 佟大为 苏芒 彭冠英,43,https://movie.douban.com/subject/26847920/,3.9,894,336,35,,5.8,5.4
时空终点,科幻 悬疑 惊悚,2018-01-12(中国大陆),95,叶小舟,欧阳佳 高翔 雷诺儿,欧阳佳 高翔 雷诺儿 马筱哲 Warin Samrit,42,https://movie.douban.com/subject/27199679/,3.0,231,83,11,5.8,,
破门,剧情,2018-05-11(中国大陆),104,徐耿,马顺洗 李虎城 彭一家,马顺洗 李虎城 彭一家 刘炷诗嫚 蒲浩宇 陈钶予 李金津川 徐谦 邓诗国 陈建宇 苏爱娟,41,https://movie.douban.com/subject/30197911/,,0,32,12,,,
我来自纽约,剧情 家庭,2018-08-18(中国大陆),121,张爵西,狄龙 宣萱 陈沁霖,狄龙 宣萱 陈沁霖 Dinesh Nair 林家冰 罗敏儿 陈智深 Bao-Quan Chong Vincent John Kellsey 邓壹龄,40,https://movie.douban.com/subject/26677970/,7.2,343,130,6,,,7.4
摇滚小子,剧情 儿童,2018-08-28(中国大陆),100,段玉宝 王金利,安琥 徐洁儿 苏翊鸣,安琥 徐洁儿 苏翊鸣 冯俊杰 曹英睿 李诗缘 蒋沐函 刘艺烨,40,https://movie.douban.com/subject/27077917/,,0,24,3,,,
苏庆亮,剧情 传记,2018-06-20(中国大陆),90,张儒,王海祥 陆烟 丁建钧,王海祥 陆烟 丁建钧 左夏初 王艺博,39,https://movie.douban.com/subject/30337171/,,0,7,0,,,
我的影子在奔跑,剧情 儿童 家庭,2018-01-16(中国大陆),97,方刚亮,张静初 龙品旭 黎兆丰,张静初 龙品旭 黎兆丰 王同辉 张国强 叶婉娴 丽娜 吴海燕 吴若林 喻引娣,38,https://movie.douban.com/subject/11615929/,7.3,2988,996,65,,7.5,6.7
马兰花开,剧情,2018-06-26(中国大陆),91,吴双,孔莹虹 倪土 张洪博,孔莹虹 倪土 张洪博 陈婧 卢云 庞磊,38,https://movie.douban.com/subject/30224593/,,0,14,8,,0.0,
无迹可寻,悬疑 惊悚,2018-02-09(中国大陆),90,张帆,宋洋 淳于珊珊 连凯,宋洋 淳于珊珊 连凯 李晓红 蒋一铭 林琪 武振素,36,https://movie.douban.com/subject/27661976/,,0,59,4,4.5,5.1,
策反,剧情 战争 悬疑,2018-05-26(中国大陆),115,韦廉,刘端端 尹玲 韩夫一,刘端端 尹玲 韩夫一 卢海华 任学海 田雨晴 冷海铭,36,https://movie.douban.com/subject/30212356/,,0,9,1,,0.0,
天佑之爱,奇幻 音乐,2018-07-13(中国大陆),95,红旗,周昊勇呈 郭少芸 白柳汐,周昊勇呈 郭少芸 白柳汐 白湘妃,36,https://movie.douban.com/subject/30249257/,,0,24,1,,,
红盾先锋,剧情 传记,2018-07-08(中国大陆),83,杨真,由立平 窦凤琴 王建飞,由立平 窦凤琴 王建飞 马亚楠 张珺 余治华 段亚军 高伟中 田艺 张少云,35,https://movie.douban.com/subject/26614101/,,0,19,12,,,
余额不足,喜剧,2018-02-02(中国大陆),97,卫捷,柯伯龙 闫鹿杨 王多多,柯伯龙 闫鹿杨 王多多 冯棉 韩笑 左腾云 雪村 刘惠 巴多 董立范 马筱哲,34,https://movie.douban.com/subject/27200821/,,0,32,2,,,
天籁梦想,剧情 家庭,2018-01-09(中国大陆),85,张唯,落松土登 益西旦增 嘎玛松姆,落松土登 益西旦增 嘎玛松姆 班玛久买 索朗旺堆 阿旺卓玛,33,https://movie.douban.com/subject/27170581/,6.4,174,54,17,8.8,6.8,7.9
中学时代,喜剧,2018-09-21(中国大陆),102,王熠,刘帅良 余心恬 汤镇业,刘帅良 余心恬 汤镇业 张译夫 曾丽瑶 黄婧仪 刘耀阳 姚书豪,32,https://movie.douban.com/subject/30327900/,,0,40,5,,,
皮鞋,剧情,2018-10-17(中国大陆),91,宋遥平,杨猛 李菁菁 张贵生,杨猛 李菁菁 张贵生,32,https://movie.douban.com/subject/30336271/,,0,34,1,,0.0,
正正的世界,剧情,2018-11-20(中国大陆),95,孙杰,宁宗元达 时晓飞 田媛,宁宗元达 时晓飞 田媛 王海洋 刘文曲,30,https://movie.douban.com/subject/30367751/,,0,63,6,,,
玩命,喜剧 动作,2018-03-30(中国大陆),88,李炳渊,李炳渊 大卫·贝利 李炳雷,李炳渊 大卫·贝利 李炳雷 黄译萱 王洪祥 徐少强,30,https://movie.douban.com/subject/27203642/,4.1,265,116,15,6.8,4.9,
梦境之源,悬疑 惊悚,2018-11-16(中国大陆),90,柳珂,陈志朋 颜丹晨 李彧,陈志朋 颜丹晨 李彧 安琥 方中信 李若玹,29,https://movie.douban.com/subject/27202758/,,0,40,12,6.1,,
三伏天,剧情 同性,2018-03-30(中国大陆),96,乔丹·席勒,黄璐 罗蓝山 田牧宸,黄璐 罗蓝山 田牧宸,28,https://movie.douban.com/subject/26715485/,4.7,1916,668,17,,5.9,7.6
大雪冬至,剧情,2018-01-25(中国大陆),87,邢潇,祝希娟 果汁 张桐,祝希娟 果汁 张桐 李金斗 赵婉瑜,28,https://movie.douban.com/subject/27063331/,6.4,707,259,31,,,
疯狂熊孩子,儿童 喜剧,2018-02-09(中国大陆),88,李振,王一鸣 吴军 李屹伦,王一鸣 吴军 李屹伦 张博 周显欣 阳蕾 句号 董立范,28,https://movie.douban.com/subject/27667817/,,0,30,1,,,
过往的梦,剧情 爱情 犯罪,2018-09-07(中国大陆),87,翔子,宫哲 张珏 李骏诚,宫哲 张珏 李骏诚 张悦楠 庄心妍,28,https://movie.douban.com/subject/27107609/,,0,34,2,,,
奶奶的家,剧情 家庭,2018-11-23(中国大陆),89,陆诗雨,刘未晞 贾承凯 周金凤,刘未晞 贾承凯 周金凤 刘真佑 宁文彤 姚增强 彭波,28,https://movie.douban.com/subject/30362527/,,0,13,1,,,
奇幻梦之旅,喜剧 爱情 奇幻,2018-11-30(中国大陆),90,高旭,宋睿 高旭 明星,宋睿 高旭 明星 温浩哲 许升,28,https://movie.douban.com/subject/30387540/,,0,17,2,,,
三界,科幻 悬疑,2018-05-31(中国大陆),95,靳斌,李恰 刘成 张治中,李恰 刘成 张治中 宋恩逸 潘宜刚 焦祺越,27,https://movie.douban.com/subject/30234931/,,0,10,0,,0.0,
沿海出发,剧情 家庭,2018-10-15(中国大陆),115,殷玉洲,杨璐 王小雨 周业余,杨璐 王小雨 周业余 殷汝利 连建亭 于飞 刘爱琴 王晓义 刘泓江,27,https://movie.douban.com/subject/30162995/,6.2,229,95,11,,,
雪·葬,剧情,2018-04-27(中国大陆),105,高成岗,任帅 徐永革 叶鹏,任帅 徐永革 叶鹏,26,https://movie.douban.com/subject/27592569/,,0,16,1,,0.0,
爱不可及,爱情 悬疑,2018-12-07(中国大陆),93,胡野秋,陈育臣 张颖冰 祝涛,陈育臣 张颖冰 祝涛 王嘉莹 杜钧,26,https://movie.douban.com/subject/30316400/,,0,18,3,,,
大导归来,喜剧,2018-02-09(中国大陆),95,李诚儒,李诚儒 王姬 张桐,李诚儒 王姬 张桐 于金源 吴恙 季晨 杨子骅 王子今 王俏霖 Sarah,24,https://movie.douban.com/subject/26857951/,,0,25,1,,,
我是检察官,剧情,2018-09-20(中国大陆),89,高亚麟,宣言 邢佳栋 丁洋,宣言 邢佳栋 丁洋 谈莉娜 任正斌 东靖川,24,https://movie.douban.com/subject/30308908/,,0,14,5,,,
纯真年代,剧情 儿童 家庭,2018-08-24(中国大陆),95,韩荣声,范洪涛 张琳 黄宝龙,范洪涛 张琳 黄宝龙 温正邦 古玉枫 王思霖 廖丽 黎骏 古运昌 邹馥莲,24,https://movie.douban.com/subject/30263969/,6.1,495,219,8,,,
左滩,剧情,2018-07-07(中国大陆),90,张智超,张智超 安然 卢喜文,张智超 安然 卢喜文 袁中方 李美慧 廖崇儒 郑小毛 温广瑜 唐茜,23,https://movie.douban.com/subject/30261979/,,0,33,4,,,
向阳的日子,剧情,2018-10-19(中国大陆),97,张罗平,吴超 海尔夫 王力可,吴超 海尔夫 王力可 吕聿来 金喜,23,https://movie.douban.com/subject/26857964/,6.2,482,244,39,,,0
淡蓝琥珀,剧情 悬疑,2018-12-17(中国大陆),96,周劼,王真儿 吕聿来 耿乐,王真儿 吕聿来 耿乐 张瑶 王彩平,23,https://movie.douban.com/subject/27069377/,6.3,2676,1089,33,,,5.7
夜魔奇案,剧情 悬疑 惊悚,2018-12-21(中国大陆),104,邵大卫,乔乔 何若鹤 马江德,乔乔 何若鹤 马江德 许政国 马丹阳 王妍言 陈古诺 刘晓燕 杨语溪 秦晔,23,https://movie.douban.com/subject/30379943/,,0,242,14,6.7,,0
毕业旅行笑翻天,剧情 喜剧 爱情,2018-02-01(中国大陆),98,高志森 张毅 胡圣亚,徐娇 邱胜翊 王栎鑫,徐娇 邱胜翊 王栎鑫 禾浩辰 欧阳妮妮 韩雨洁 林子聪 恬妞 蒲冰墨 昌隆 林雪 刘志宏 曹佑宁 杨迪 李唯贺 邰智源 许效舜,22,https://movie.douban.com/subject/26597804/,2.4,629,279,20,7.8,,
致命夺宝,动作 爱情 冒险,2018-06-22(中国大陆),88,冯铁城,于果儿 王可 大卫·毕加索,于果儿 王可 大卫·毕加索 杨梓艺 王海峰 恩纳 马丽,22,https://movie.douban.com/subject/30230633/,,0,21,2,,,
片警宝音,剧情,2018-12-19(中国大陆),97,杨瑾,宝音尼木胡 巴德玛 陈维涵,宝音尼木胡 巴德玛 陈维涵 塔娜 都愣扎那 僧格仁钦 鄂尔奇斯 敖敦高娃,21,https://movie.douban.com/subject/30316976/,,0,69,5,,,
求求你爱上我,剧情 喜剧 爱情,2018-04-20(中国大陆),104,董春泽,姜涛 钱冬旎 骏声,姜涛 钱冬旎 骏声 智泓 傅亨 尚茜 高嘉隆,21,https://movie.douban.com/subject/30188193/,4.8,1527,657,21,,6.1,
美丽战争,剧情 动作,2018-10-19(中国大陆),113,陈勋奇,谭耀文 孟广美 马国明,谭耀文 孟广美 马国明 那广子 罗彬,19,https://movie.douban.com/subject/27204589/,,0,17,6,,,
五度空间,悬疑 惊悚,2018-01-26(中国大陆),88,夏天,邹东孝 屈菁菁 侯京健,邹东孝 屈菁菁 侯京健 梁超 张诗絮 许文广,18,https://movie.douban.com/subject/26606761/,,0,39,9,,,
八只鸡,剧情,2018-07-19(中国大陆),,高建国,方城淞,方城淞,18,https://movie.douban.com/subject/30252555/,,0,28,4,,,
天刃,动作 犯罪 悬疑,2018-09-21(中国大陆),96,朱丹,许铂岑 杜旭东 杜金京,许铂岑 杜旭东 杜金京 常戎 李玉峰 张勇手 王丽云 刘忠元 杨磊,18,https://movie.douban.com/subject/30312917/,,0,7,1,,,
壹号别墅,剧情 悬疑,2018-04-19(中国大陆),89,王保国,项洪 侯宇航 林诗曈,项洪 侯宇航 林诗曈 关健,18,https://movie.douban.com/subject/30183443/,,0,87,4,,,
天下父母,剧情,2018-05-13(中国大陆),92,崔守杰,李树生 郭慧 王义钦,李树生 郭慧 王义钦 王梁双全 凌柒 司怡 冯健 汤阳 张坚 李雪蕊 张航嘉,18,https://movie.douban.com/subject/30200556/,,0,25,1,,,
出山,剧情 传记,2018-08-22(中国大陆),107,王坪,卢奇 安荣生 郑卫莉,卢奇 安荣生 郑卫莉 宋晓英 张书田  赵福余 吴玉盛  李梅可 唐国强 刘劲,16,https://movie.douban.com/subject/25966209/,,0,20,2,,,
大唐风云2,儿童 动画,2018-12-01(中国大陆),89,杨广福,,,15,https://movie.douban.com/subject/30387545/,,0,11,0,,0.0,
地下凶猛,剧情 喜剧,2018-06-29(中国大陆),98,李炳,刘沙 孙强 高歆迪,刘沙 孙强 高歆迪 王伟华 支一 释恒利 郭力行 崔可法 李文玲 孙敬季 姜超,15,https://movie.douban.com/subject/24843621/,,0,63,5,,,
怒放的花儿,剧情,2018-08-24(中国大陆),93,李墨言 尚成员,仇硕康 赵斐 楚建,仇硕康 赵斐 楚建,14,https://movie.douban.com/subject/30296129/,,0,2,0,,,
云上日出,剧情 儿童 战争,2018-12-11(中国大陆),102,熊玮,荣梓杉 关亚军 丁宁,荣梓杉 关亚军 丁宁 郭紫铭 高山流水 栾蕾英 陈帅,14,https://movie.douban.com/subject/30181498/,,0,75,36,,,
落绕,剧情 爱情,2018-03-02(中国大陆),94,侯翀,王艺曈 周杰 李虎城,王艺曈 周杰 李虎城 杜建桥 王春妹 张东旭 张津铭 王红旗,14,https://movie.douban.com/subject/28446693/,,0,76,3,,,
不一样的焰火,剧情,2018-10-26(中国大陆),91,张一墨,居文沛 闫美伊 唐小然,居文沛 闫美伊 唐小然 祖力皮卡尔·吐尔地 季晓,14,https://movie.douban.com/subject/30263815/,,0,2,1,,,
翻滚吧姐妹,喜剧,2018-03-01(中国大陆),87,王钲,冯铭潮 赵多娜 陈美行,冯铭潮 赵多娜 陈美行 苗皓钧 厉娜 蔓汐 姜星呈 金迪 董李无忧,13,https://movie.douban.com/subject/26898855/,,0,327,38,,6.5,
擒贼先擒王,剧情 犯罪,2018-05-18(中国大陆),92,李相国,郭凯敏 刘金山 孙浩涪,郭凯敏 刘金山 孙浩涪 郑龙 阚宇 刘妙 闫立飞 闫彦龙 夏赫娜赞·阿尔斯郎,13,https://movie.douban.com/subject/30176809/,4.9,424,144,5,,,
红月亮之武陵山歌,剧情,2018-01-15(中国大陆),104,卢玉波,黄立业 杨雅荔 陈靖康,黄立业 杨雅荔 陈靖康 苏远大 冉易居 王珍晶,12,https://movie.douban.com/subject/26996415/,,0,2,0,,,
产科男生,剧情 爱情,2018-11-02(中国大陆),90,梁立新,罗翔 苏小妹 陈美行,罗翔 苏小妹 陈美行 范范 马征 严仁鲜 李沛霖 张佳浩 孙峰苑 晏妮,12,https://movie.douban.com/subject/27158277/,,0,39,2,,,
天使的声音,剧情,2018-01-20(中国大陆),92,和成,王倩 杨正驰 石菲,王倩 杨正驰 石菲 张艺杰 龙慧瑶,12,https://movie.douban.com/subject/27661668/,,0,7,2,,,
明天有多远,剧情,2018-06-26(中国大陆),80,王劲松,池华琼 王宇 何军,池华琼 王宇 何军 李凤鸣 徐鸥仪 张梓豫,12,https://movie.douban.com/subject/27175526/,,0,29,1,,,
爱在前方,剧情,2018-06-07(中国大陆),90,石易矗,周安信,周安信,12,https://movie.douban.com/subject/30227538/,,0,12,1,,,
请你记住我,剧情 爱情,2018-11-30(中国大陆),96,彭小莲,冯文娟 贾一平 黄宗英,冯文娟 贾一平 黄宗英 徐才根,12,https://movie.douban.com/subject/27121890/,,0,70,9,,,0
寻找雪山,剧情,2018-06-01(中国大陆),86,何志涛,蒋济远 王馨月 王馨云,蒋济远 王馨月 王馨云 郭俊宇 孙楚安安 赵秋萍 和亚月 苗苗 曾曾,11,https://movie.douban.com/subject/30215891/,,0,8,1,,,
格桑花开的时候,剧情 喜剧 爱情,2018-07-12(中国大陆),95,姜大伟,郑岚 董长健 闫旭,郑岚 董长健 闫旭 金子 王彩儿 宋祉璇 陆炫延 林欣蕊 王品 许婉 修睿 赵亮 李炎妍 武希凤 赵薇 牟有名 戴振环 田雨 赵壮,11,https://movie.douban.com/subject/27053277/,,0,19,12,,,
梭哈人生,剧情 喜剧 爱情,2018-01-30(中国大陆),90,郑来志,谭佑铭 施予斐 赵樱子,谭佑铭 施予斐 赵樱子 孟智超 李林轩,11,https://movie.douban.com/subject/27156899/,4.2,399,122,7,,,0
疯狂的麻将,喜剧,2018-06-16(中国大陆),87,孙铁军,张鹰 杨子沫 贾小双,张鹰 杨子沫 贾小双,10,https://movie.douban.com/subject/30224724/,,0,9,0,,0.0,
二师兄来了,剧情 喜剧,2018-04-13(中国大陆),93,朱丹,杜旭东 刘江 王菀晨,杜旭东 刘江 王菀晨 杨磊 李明 张连文 杜金京,10,https://movie.douban.com/subject/30180521/,,0,8,1,,0.0,
神谕通天,喜剧 悬疑 古装,2018-05-25(中国大陆),86,李军,敖犬 蔡诗芸 阮颂扬,敖犬 蔡诗芸 阮颂扬 夏文汐 陈嘉桓 余小孽 欧阳超 唐昕 关思慧 宋庭隽 张朋 郑明洋 王龙雨 张博楠 刘瑜峰 贾子宸 何武阳,10,https://movie.douban.com/subject/27041538/,,0,87,3,,,
时间暗局,犯罪 悬疑,2018-05-25(中国大陆),87,陈亮言,王宇泽 秦鸣悦 贾子宸,王宇泽 秦鸣悦 贾子宸 曹蕴 闫锐 周历杰 段同舟 梁琛,10,https://movie.douban.com/subject/30197981/,,0,31,3,,,
33号公路,喜剧 爱情,2018-11-30(中国大陆),98,史强,贡米 郭子瑜 李封乾,贡米 郭子瑜 李封乾 奇凌 朱永棠 吴晓莉 王茹 张政,9,https://movie.douban.com/subject/30365810/,,0,20,3,,,
爱在归来那一天,剧情 爱情,2018-11-22(中国大陆),92,杨大田,董晨 李岷城 刘艺,董晨 李岷城 刘艺 王双宝 杨杰宇,9,https://movie.douban.com/subject/30279917/,,0,18,3,,0.0,0
疯狂暑期之哈喽怪物,剧情 儿童 奇幻,2018-08-21(中国大陆),99,史震飞,洪天照 晋松 许皓勋,洪天照 晋松 许皓勋 李亚真 罗家英 何雄飞 王善森 苏婧 张姮儿 郑皓原 张佳航 郑茜 李美君 刘浩俊龙 王新昉,9,https://movie.douban.com/subject/30291398/,,0,16,2,,0.0,
同名男子,剧情 犯罪 悬疑,2018-12-04(中国大陆),91,何力,唐以诺 姚星竹 杨金赐,唐以诺 姚星竹 杨金赐 张春,8,https://movie.douban.com/subject/27624662/,6.7,1321,430,7,,,
萌宠入殓师,剧情 爱情,2018-08-31(中国大陆),90,源唯杰,薛明媛 傅亨 喻言,薛明媛 傅亨 喻言 王居峰 林鑫皜 湉湉 李松珂 尔玛依娜 王波 程诚 杨光 源唯杰 博弘,8,https://movie.douban.com/subject/30227735/,,0,49,5,,,
来日方长,剧情 喜剧,2018-12-14(中国大陆),87,刘德强,孙聪 李明 于又川,孙聪 李明 于又川 铁牛 崔菁格 李达 郭京波 张正辉 鞠小云 洛嘉 姜永波 董立范 李军,7,https://movie.douban.com/subject/30381822/,,0,19,2,,,
青春24秒,爱情 运动,2018-03-23(中国大陆),85,季钢,黄俊捷 魏晚秋 闫露娢,黄俊捷 魏晚秋 闫露娢 陈诚 李冠星 钟正 罗家英 于嘉 黑文 张美娥 陆婷玉,7,https://movie.douban.com/subject/26828415/,,0,28,4,,,
丢心,剧情,2018-01-12(中国大陆),104,汪小平 崔潇,陈逸恒 黄若萌 周浩东,陈逸恒 黄若萌 周浩东 王奕盛 顾婷萱 石黎明 李超 李通 兰颖 朱鑫,7,https://movie.douban.com/subject/27017988/,,0,50,1,,,
一个人的江湖,剧情 动作,2018-06-08(中国大陆),90,喻亢 黄建业,梁恩 屠育玮 张佳熙,梁恩 屠育玮 张佳熙 喻亢 魏宗万,7,https://movie.douban.com/subject/30211728/,,0,117,9,,,
天梦,剧情,2018-05-11(中国大陆),91,许文琦,金巧巧 何中华 张萍娟,金巧巧 何中华 张萍娟 宋邦春 沈居辉 姜斐,6,https://movie.douban.com/subject/26682831/,5.7,141,43,2,,,
轻轻握住你的手,剧情,2018-12-14(中国大陆),100,张健伟,郭纬 马藜 卡奇,郭纬 马藜 卡奇 李保民 龚诗瑶 张洪铭,6,https://movie.douban.com/subject/27611675/,,0,3,0,,0.0,
那年，我还没长大,剧情,2018-06-08(中国大陆),95,马和平,王广达 赵纪东 曾浩宇,王广达 赵纪东 曾浩宇,6,https://movie.douban.com/subject/30230515/,,0,5,1,,0.0,
他是一只狗,喜剧 爱情 奇幻,2018-08-17(中国大陆),91,孙健 杨昕雨,许贵源 雷璐璐 多多,许贵源 雷璐璐 多多 武正鉌 谭佳佳,6,https://movie.douban.com/subject/30246086/,,0,42,14,,,
超萌特攻,儿童 喜剧,2018-11-24(中国大陆),93,许美君,贺刚 李卓航 董立范,贺刚 李卓航 董立范 张漫文 王娅楠 吴明洁 年丁旭 吴孟樵 周子越 赵施玥珊,6,https://movie.douban.com/subject/27125000/,,0,18,0,,,
熊猫石的奇幻旅行,儿童 奇幻 冒险,2018-02-09(中国大陆),89,吴晓东,康钰潇 杨家麟 Aber Mae,康钰潇 杨家麟 Aber Mae 廖佳军 Samuel Goldstein Alex 钟远林 孔斐 马小华,6,https://movie.douban.com/subject/30125762/,,0,5,0,,0.0,
河间圣手,剧情 传记 历史,2018-03-29(中国大陆),92,孙爱国,杨子骅 孟晓涵 杨千里,杨子骅 孟晓涵 杨千里 张学仁 杜秀军 寇振海 句号,6,https://movie.douban.com/subject/27072634/,,0,24,3,,,
奔,剧情 爱情 西部,2018-02-06(中国大陆),90,谢毅航 林建邦,刘牧 陈晓桑 何为,刘牧 陈晓桑 何为 张烨,6,https://movie.douban.com/subject/26865342/,,0,16,2,,0.0,
只想好好和你在一起,爱情,2018-01-05(中国大陆),95,屈珂羽,刘思伟 杨小璇 郑淑贤,刘思伟 杨小璇 郑淑贤 周婧 二勇,5,https://movie.douban.com/subject/27614421/,,0,1,2,,0.0,
芒刺,剧情,2018-01-16(中国大陆),90,陈俊霖,隋名旸 石峄 马强,隋名旸 石峄 马东延 赵芙丽 鲁恩滨 程小夏,5,https://movie.douban.com/subject/27601920/,3.5,230,81,3,,,
遥远的他,爱情,2018-09-06(中国大陆),85,李嘉华,张垚祎 陈熙明 柳杨,张垚祎 陈熙明 柳杨,5,https://movie.douban.com/subject/30316367/,,0,6,3,,,
爱情的单程列车,爱情,2018-02-14(中国大陆),90,张雷,范军 李月 郑亚龙,范军 李月 郑亚龙 王倚天 李瑞瑶,5,https://movie.douban.com/subject/30134714/,,0,17,0,,0.0,
时间监狱,动作 爱情 悬疑,2018-06-15(中国大陆),98,丁文,刘默飞 白茹 苑立若心,刘默飞 白茹 苑立若心 张茗杰 薛庆 李梓辰 今野晴也 齐藤广海 杨彬瑶,5,https://movie.douban.com/subject/30198241/,,0,5,0,,,
雾都神探之绝情箭,剧情 冒险,2018-05-25(中国大陆),87,孙铎,孙骁潇 余薇薇 孙丹丹,孙骁潇 余薇薇 孙丹丹 李耕 张春年 曾韵蓁 程爽,5,https://movie.douban.com/subject/30197104/,,0,36,1,,,
盯上小偷的贼,喜剧 动作,2018-06-08(中国大陆),92,成宇兴,孙海洋 彭波 刚毅,孙海洋 彭波 刚毅 夏梦 王军 罗长城 张露瑶,4,https://movie.douban.com/subject/30217368/,,0,8,1,,0.0,
左手右手,剧情 爱情,2018-12-07(中国大陆),95,张万一,李修蒙 马境 张嘉,李修蒙 马境 张嘉 任伟,4,https://movie.douban.com/subject/30389634/,,0,1,0,,0.0,
审判者1,犯罪 悬疑,2018-09-14(中国大陆),102,郑成飞,尹子维 李灿森 郭常辉,尹子维 李灿森 郭常辉 方川 陈禹铭 李夏佩 彭波 周超峰 孙鸣蔚 赵旭 陈青晔 刘静怡 李欢,4,https://movie.douban.com/subject/30305663/,,0,76,8,6.2,,
那条河,剧情 爱情,2018-09-07(中国大陆),82,张锐,王庆祥 迟蓬 张杨果而,王庆祥 迟蓬 张杨果而 徐囡楠 宋歌,4,https://movie.douban.com/subject/30296640/,,0,7,7,,0.0,
我想和你们在一起,剧情,2018-06-01(中国大陆),94,颜芳,王彦夫 陈博睿 牛军,王彦夫 陈博睿 牛军 张国荣 张馨月,4,https://movie.douban.com/subject/27087885/,,0,3,0,,,
堡藏,喜剧 悬疑,2018-12-14(中国大陆),93,刘峰,朗贵钧 甘林熠 安赛龙,朗贵钧 甘林熠 安赛龙 王禹铮  陆子 西塞儿·拉斯姆森 刘燕斌 Lukas Schmidt Ouitre Kunt Celebi Moe Farah Jørgen Dyhrberg Jette Nybro Thomas Leth Rasmussen,4,https://movie.douban.com/subject/26958765/,,0,5,1,,0.0,0
三十那年,爱情 歌舞,2018-08-03(中国大陆),92,郑小东,尤天翔 张颖冰 秦汉擂,尤天翔 张颖冰 秦汉擂 郑梦琪 侯耀华,3,https://movie.douban.com/subject/30285932/,,0,26,2,,,
火魔高跟鞋,剧情,2018-05-18(中国大陆),90,耿兴隆 陈树楷,高冬雨 李璋亮 陈波菜,高冬雨 李璋亮 陈波菜 顾冠忠 罗天池,3,https://movie.douban.com/subject/30207684/,,0,28,5,,,
出走的娜拉,剧情 爱情 家庭,2018-06-23(中国大陆),90,张津龙 王鹏,徐洁儿 姜尘 苗苗,徐洁儿 姜尘 苗苗,3,https://movie.douban.com/subject/30183834/,,0,21,31,,,
关关雎鸠,悬疑 冒险,2018-09-21(中国大陆),95,于鹏,冯波 张正阳 郝柏杰,冯波 张正阳 郝柏杰,2,https://movie.douban.com/subject/26606774/,,0,41,0,,,
渠首欢歌,剧情,2018-04-19(中国大陆),90,尹海峰,尚国伟 李玲 王艺禅,尚国伟 李玲 王艺禅 郝光 丁锐 赵诚祥 于海洋,2,https://movie.douban.com/subject/30183442/,,0,13,3,,0.0,
莫名我就喜欢你,剧情 家庭,2018-02-02(中国大陆),93,冯桂莲,谢天成 陈皓 尹广誉,谢天成 陈皓 尹广誉 张俊杰 杨文宇 王一帆 黄梓俊 杨小米 曲海峰 杨悦,2,https://movie.douban.com/subject/27663995/,,0,4,0,,0.0,
对戒,剧情 爱情,2018-03-08(中国大陆),89,左伟晨,杨紫嫣 马浚伟,杨紫嫣 马浚伟,2,https://movie.douban.com/subject/30159520/,,0,10,1,,0.0,
半个月亮,剧情 家庭,2018-01-26(中国大陆),102,林柏松,乌日根 周镯仪 刘凌菱,乌日根 周镯仪 刘凌菱,2,https://movie.douban.com/subject/27611445/,,0,3,3,,0.0,
只能活一个,剧情 犯罪 悬疑,2018-07-06(中国大陆),88,孙杰,张峻宁 石雨晴 杜奕衡,张峻宁 石雨晴 杜奕衡 白纬芬 何强 贾博雅,2,https://movie.douban.com/subject/27195126/,,0,59,6,,,
二胎来了,剧情 喜剧 家庭,2018-12-14(中国大陆),96,郑成飞,郭常辉 栗梅 祁映诺,郭常辉 栗梅 祁映诺 高腾 王晶熙 孙聪 史彬 雯大王 刘明明,2,https://movie.douban.com/subject/26974343/,,0,31,1,,0.0,
疯狂的公牛,剧情 喜剧,2018-03-08(中国大陆),97,陈家俊,杜奕衡 黎楚楚 杨刚,杜奕衡 黎楚楚 杨刚 李国麟 沈保平 韩马利 傅杨杨 骆应钧 亢继辉 林彩玲 程可为 吴孟达,2,https://movie.douban.com/subject/27180882/,,0,44,9,,,
青春后驱动,剧情 爱情,2018-04-13(中国大陆),93,图拉古,王耀可 王尉 韩山山,王耀可 王尉 韩山山 方宇晨 王春成 玛加 周丽 张成成 张倍瑜 颜景瑶 高宏亮,2,https://movie.douban.com/subject/30171599/,,0,12,6,,0.0,
我来过,剧情 爱情,2018-01-05(中国大陆),90,周沫,汪洋 冯铭潮 李立,汪洋 冯铭潮 李立 句号 彭波 王雪懿 孙映霏,2,https://movie.douban.com/subject/27199690/,4.5,199,72,5,,,
假装不正经,剧情 儿童 喜剧,2018-10-05(中国大陆),100,张宗元,金子 朱仲春 秦汉擂,金子 朱仲春 秦汉擂 刘童 汤馨 梁新展 武歌,2,https://movie.douban.com/subject/26985179/,,0,17,4,,,
闺蜜的战争,剧情 喜剧 爱情,2018-07-20(中国大陆),93,王俊翔,贾石 苑盈 谈梓聿,贾石 苑盈 谈梓聿 赵灵儿,2,https://movie.douban.com/subject/30262110/,,0,44,2,,,
铁臂双雄,动作 爱情 武侠,2018-12-14(中国大陆),96,苗述,何翔 张永华 陈超 ,何翔 张永华 陈超  赵飞燕 张宝飞 陈国良 董志华 周小飞 陈美行 肖红,2,https://movie.douban.com/subject/30379636/,,0,9,1,,0.0,
名将之后,剧情 儿童,2018-02-17(中国大陆),90,李金林,李世宏 关飞扬 陈嘉铭,李世宏 关飞扬 陈嘉铭 杨致远 蔚岩峰,1,https://movie.douban.com/subject/30136561/,,0,14,1,,0.0,
生如夏花,爱情,2018-08-15(中国大陆),85,周余,虞朗 华雯 闪兰桥,虞朗 华雯 闪兰桥 孙艺宁,1,https://movie.douban.com/subject/26614407/,,0,47,2,,,
舌尖上的斗争,剧情,2018-09-21(中国大陆),140,卢海华,陈科羽 李玉峰 姜棣珧,陈科羽 李玉峰 姜棣珧 田玉奎 陈楷,1,https://movie.douban.com/subject/30313579/,,0,6,3,,0.0,
冒牌恋人,喜剧 爱情,2018-10-26(中国大陆),92,路云飞,冯媛甄 朱江 朱袁员,冯媛甄 朱江 朱袁员 龙雨 张立威 李子雄,1,https://movie.douban.com/subject/19967776/,,0,21,1,,0.0,
恋爱101度,喜剧 爱情,2018-06-29(中国大陆),98,郑庆严,吴烨 吕明俊 吴晴,吴烨 吕明俊 吴晴 周一诺 王妍兮 陈菲 文祥 黄一山,1,https://movie.douban.com/subject/26951955/,,0,18,3,,,
爱在湘西,剧情 爱情,2018-12-18(中国大陆),99,李勇,姚开广 王金锋 马亚楠,姚开广 王金锋 马亚楠,1,https://movie.douban.com/subject/30391430/,,0,2,0,,0.0,
追宝狂想曲,喜剧 动作,2018-11-16(中国大陆),86,朱维俐,彭波 金草 柴玉宝,彭波 金草 柴玉宝 梁爱琳 王子子 汤镇宗 高峰 伊添锴,1,https://movie.douban.com/subject/30377126/,,0,2,0,,0.0,
正好的我们,剧情,2018-12-14(中国大陆),90,赵震浩,马歌 李岱昆 陆妍淇,马歌 李岱昆 陆妍淇 毛毅 周奕彤 王超,1,https://movie.douban.com/subject/26574964/,,0,2,0,,0.0,
任性的硬币,喜剧,2018-05-07(中国大陆),87,陈之月,黄一飞 温哲轩 王双宝,黄一飞 温哲轩 王双宝 何文辉 李仟拉 朱晓琳,1,https://movie.douban.com/subject/30183444/,,0,68,9,,,
漂亮的村事,剧情,2018-09-16(中国大陆),90,孙宏建 左夏初,左夏初 郭凯敏 曲国强,左夏初 郭凯敏 曲国强 王佳宁 牛犇 王政钧,1,https://movie.douban.com/subject/27181026/,,0,3,1,,0.0,
寄生夙愿,悬疑,2018-10-26(中国大陆),84,高奇,倪慕斯 贾本初 王莘迪,倪慕斯 贾本初 王莘迪,1,https://movie.douban.com/subject/30201164/,,0,9,1,,0.0,
九门提督,动作 古装,2018-06-22(中国大陆),85,张博,刘锐 洪浚嘉 郭万超,刘锐 洪浚嘉 郭万超 朱晓鸣 徐少强 王婷,1,https://movie.douban.com/subject/30252404/,4.8,1347,492,15,,,
别让爱情走弯路,剧情 爱情,2018-06-08(中国大陆),91,袁春波,李天烨 李芯萌 张绍飞,李天烨 李芯萌 张绍飞 刘昌伟,1,https://movie.douban.com/subject/27098062/,,0,5,0,,,
疯狂这一年,剧情 喜剧,2018-06-15(中国大陆),86,丁仕昀,吴耀汉 朱咪咪 陈峰,吴耀汉 朱咪咪 陈峰 李欣怡 潘小潘 阿晨 大宝 Cassey 彪民 皓敏 李子昭 馨蕊 叶良财 林静苗,1,https://movie.douban.com/subject/30133750/,5.8,225,78,3,,,
心灵救赎,爱情 悬疑,2018-07-02(中国大陆),80,郭永涛,祝诗斯 刘立,祝诗斯 刘立,1,https://movie.douban.com/subject/26725114/,,0,7,1,,0.0,
那些名字那些年,剧情,2018-11-15(中国大陆),98,张中亮,盛一伦 郑湫泓 卿雯,盛一伦 郑湫泓 卿雯 吴烨 王禹 黎俊言,1,https://movie.douban.com/subject/30374624/,,0,44,3,,0.0,
谁来陪伴我,剧情 爱情,2018-12-04(中国大陆),99,王敬峰,姚雨鑫 童苡萱 谢冰冰,姚雨鑫 童苡萱 谢冰冰,0,https://movie.douban.com/subject/25789361/,,0,2,0,,,
天眸之爱,,2018-12-01(中国大陆),,龙德,狄威 赵丹 徐翔歌,狄威 赵丹 徐翔歌,0,https://movie.douban.com/subject/26627694/,,0,0,0,,,
苗寨情缘,,2018-12-28(中国大陆),,史震飞,杨晶 刘弈宏 孟潞,杨晶 刘弈宏 孟潞 范叶子 张志伟 张小明 王常青 金津,0,https://movie.douban.com/subject/30391453/,,0,1,0,,0.0,
无法触碰的爱,剧情 爱情,2018-01-12(中国大陆),100,徐艺华,陈龙 林鹏 姜超,陈龙 林鹏 姜超 高姝瑶,0,https://movie.douban.com/subject/27621048/,,0,9,2,,,
暗剑,战争,2018-11-23(中国大陆),92,谢军,纪宁 刘惠 黄一飞,纪宁 刘惠 黄一飞 阿威,0,https://movie.douban.com/subject/26351405/,,0,11,2,,,
谁是坏孩子,剧情 爱情,2018-12-11(中国大陆),90,史震飞,安智辉 方从伊 沙学周,安智辉 方从伊 沙学周,0,https://movie.douban.com/subject/30387531/,,0,3,0,,0.0,
浪漫七夕之疯狂搅局,喜剧 爱情,2018-12-25(中国大陆),88,李琛,张子晨 金柯 朱尚枫,张子晨 金柯 朱尚枫 李沅娣,0,https://movie.douban.com/subject/30391433/,,0,13,1,,0.0,
请把生命交给我,爱情,2018-07-25(中国大陆),105,徐超,许绍洋,许绍洋,0,https://movie.douban.com/subject/26974912/,,0,17,2,,,
青春正蓝,喜剧,2018-11-09(中国大陆),76,周立鹏,肖燕 索肖坤 陈禹铭,肖燕 索肖坤 陈禹铭 郭枫 赵思阳 李青柯,0,https://movie.douban.com/subject/26771265/,,0,6,0,,0.0,
缘·梦,剧情 爱情,2018-12-13(中国大陆),95,冯铁成,高蕊 刘滨 张津赫,高蕊 刘滨 张津赫,0,https://movie.douban.com/subject/30389564/,,0,3,0,,,
勇者闯魔城,喜剧 动画 奇幻,2018-03-16(中国大陆),80,杨汉钊,李仰,李仰,0,https://movie.douban.com/subject/30125089/,,0,20,0,,,
亭城之恋,动作 爱情,2018-09-21(中国大陆),86,魏子千,魏子千 杨舒婷 米杨,魏子千 杨舒婷 米杨,0,https://movie.douban.com/subject/30322390/,,0,1,1,,0.0,
药仙,剧情 奇幻,2018-11-02(中国大陆),92,孙承志,孟瑞 蓝振廷 吴昊泽,孟瑞 蓝振廷 吴昊泽,0,https://movie.douban.com/subject/27034702/,,0,323,10,,,
寻娃总动员,剧情,2018-12-27(中国大陆),97,郎宏伟,穆怀鹏 霍舒哲 徐玺涵,穆怀鹏 霍舒哲 徐玺涵 张天柏,0,https://movie.douban.com/subject/30412312/,,0,4,0,,0.0,
杀无赦,动作 犯罪,2018-01-07(中国大陆),88,魏玉海,徐锦江 顾宇峰 纵昕芸,徐锦江 顾宇峰 纵昕芸 郭纬 魏小欢 彭义程 侯旭,0,https://movie.douban.com/subject/27622785/,,0,56,4,,,
拳职妈妈,剧情 运动,2018-12-28(中国大陆),87,吴琼,阳蕾 郑晓甫 郑歌,阳蕾 郑晓甫 郑歌 赵津生,0,https://movie.douban.com/subject/30408622/,,0,15,2,,,
铁笼,剧情 悬疑,2018-07-13(中国大陆),105,徐捷,徐捷 冯伟力 景涛,徐捷 冯伟力 景涛 文铭 郭谯 徐曼征 张喜民 周平 王薇,0,https://movie.douban.com/subject/30203509/,,0,63,22,,0.0,
美少女壮士,喜剧 动作 奇幻,2018-08-17(中国大陆),90,古家鹏,林津伊 张劲 李东,林津伊 张劲 李东 张凯 周诗欢,0,https://movie.douban.com/subject/30278544/,,0,15,0,,0.0,
恩师,剧情,2018-09-10(中国大陆),89,杨江,刘婧 翼贞贞 赵炳锐,刘婧 翼贞贞 赵炳锐,None,https://movie.douban.com/subject/30215191/,,0,1,0,,0.0,
风速时光,,2018-07-10(中国大陆),,辛钊,李滨 吴谨西 陈志伟,李滨 吴谨西 陈志伟 李小胖 李又麟 何伟丰 毛成,None,https://movie.douban.com/subject/30255218/,,0,22,2,,,
下半场,剧情,2018-04-12(中国大陆),92,徐超,李广斌 袁媛,李广斌 袁媛,None,https://movie.douban.com/subject/30194389/,,0,9,1,,,
特警云豹,剧情 犯罪,2018-03-11(中国大陆),,许斌,李昆 阮柏霖 赵铁英,李昆 阮柏霖 赵铁英,None,https://movie.douban.com/subject/30166921/,,0,47,7,,,
新蜀山剑侠传,剧情,2018-11-02(中国大陆),,周炳坤,董晨 赵樱子,董晨 赵樱子,None,https://movie.douban.com/subject/30230161/,,0,88,2,,,
锁,悬疑 惊悚,2018-11-16(中国大陆),84,许振华 徐晓潇,张燕妮 高海鹏 董立范,张燕妮 高海鹏 董立范 巴多 马继 黄一山,None,https://movie.douban.com/subject/30362631/,,0,21,12,,,
黑蝴蝶,剧情 爱情,2018-09-15(中国大陆),108,安战军,刘敏涛 李砚 霍青,刘敏涛 李砚 霍青 吴紫彤 陈楚翰 李健 国永振 王一菲,None,https://movie.douban.com/subject/26785020/,7.3,229,94,18,,,0
卖命,剧情 奇幻,2018-06-19(中国大陆),85,陈泳旭,董博 李蓝妮 淳于珊珊,董博 李蓝妮 淳于珊珊 赵燕国彰 孙振鹏,None,https://movie.douban.com/subject/30237515/,,0,64,1,,,
味之道,剧情,2018-10-08(中国大陆),102,王国良,刘岳 余铭轩 罗京民,刘岳 余铭轩 罗京民 魏晚秋 曾红生 王岗,None,https://movie.douban.com/subject/30346064/,,0,39,1,,,
四平青年之喋血曼谷,喜剧 动作,2018-12-08(中国大陆),85,张浩 陈为强,张浩 邹兆龙 柏华力·莫高彼斯彻,张浩 邹兆龙 柏华力·莫高彼斯彻,None,https://movie.douban.com/subject/27596834/,4.5,920,271,4,6.7,,
怨灵玩偶,,2018-12-28(中国大陆),90,昆丁,,,None,https://movie.douban.com/subject/30391448/,,0,0,0,,,
女校怪谈,恐怖,2018-07-26(中国大陆),95,邓安邦,江兰萱 何柔熹 钱玉,江兰萱 何柔熹 钱玉 郑晓勇 杜学成 潘登 王圻文宣 徐勇,None,https://movie.douban.com/subject/30210203/,,0,14,2,,0.0,
灵妖鉴之盘丝小仙,爱情 奇幻,2018-05-05(中国大陆),72,刘弘扬,黄小超 邵伟诗,黄小超 邵伟诗,None,https://movie.douban.com/subject/30194430/,,0,12,1,,,
爱是永恒,剧情 爱情,2018-05-29(中国大陆),90,陈烈 邹丰,史振凯 孙童心 曲博,史振凯 孙童心 曲博 廖语辰 李若斯,None,https://movie.douban.com/subject/30206391/,,0,10,2,,,
家,爱情 戏曲 音乐,2018-06-15(中国大陆),99,刘红梅,何弘宇 李梦珂 田依凡,何弘宇 李梦珂 田依凡 李京旭 冯鑫垚 李雄辉 郭阳翰林 贺淑婧 范卫华 陈宁 王鹏 宋楠惜 金禹伯 阮晟昊 刘冰 卢佳 杨阳 陈美林 肇东,None,https://movie.douban.com/subject/28022648/,,0,32,37,,,
股权风云,剧情,2018-06-29(中国大陆),80,王天乐,黄静逸 黄志伟 李玲玉,黄静逸 黄志伟 李玲玉 黄小超,None,https://movie.douban.com/subject/30255118/,,0,3,0,,,
真心话太冒险,喜剧 爱情,2018-08-07(中国大陆),90,谢韵 黄俊舒,涂世旻 柯子静 Stephanie Stralow,涂世旻 柯子静 Stephanie Stralow,None,https://movie.douban.com/subject/30274733/,,0,41,3,,,0
世界上最远的距离,剧情 爱情,2018-12-21(中国大陆),,顾亚飞,罗翔 苏小妹 姜星呈,罗翔 苏小妹 姜星呈 吕晋源 李沛霖 张佳浩 高山 李建忠 乐天 蓝泽,None,https://movie.douban.com/subject/30196786/,,0,0,0,,0.0,
水族魂1944,爱情 战争,2018-12-21(中国大陆),91,吴军,侯瑞祥 倪慕斯 肖阳,侯瑞祥 倪慕斯 肖阳 施羽 姚书豪 赵一霖,None,https://movie.douban.com/subject/30402068/,,0,2,0,,0.0,
兄弟班,剧情 喜剧,2018-07-20(中国大陆),100,陈友,陈家乐 于湉 王梓轩,陈家乐 于湉 王梓轩 吴鹤谦 林耀声 邓加乐 任达华 金燕玲 惠英红 廖启智 谭咏麟 钟镇涛 钱小豪 陈友 彭健新 叶智强,191,https://movie.douban.com/subject/26988003/,6.0,872,328,43,8.5,6.2,5.9
宇宙有爱浪漫同游,喜剧 爱情 科幻,2018-03-02(中国大陆),92,陈加玲,李昇炫 郭碧婷 白冰,李昇炫 郭碧婷 白冰 李笑男 李贤宰 张亮 王梓轩 蔡宛珊,155,https://movie.douban.com/subject/26836837/,4.1,808,356,35,7.3,,
十七后 与青春化敌为友,剧情 爱情 歌舞,2018-03-16(中国大陆),91,罗颂其,中泽祥 翁滋蔓 邦邦,中泽祥 翁滋蔓 邦邦 高艺 邱昊奇 许凯皓 赖昱宏 黄书维 尤汉翔 伊正 郎祖筠 上山博树,11,https://movie.douban.com/subject/26731790/,,0,87,6,,,0
复仇者联盟3：无限战争,动作 科幻 奇幻,2018-05-11(中国大陆),150,安东尼·罗素 乔·罗素,小罗伯特·唐尼 克里斯·海姆斯沃斯 克里斯·埃文斯,小罗伯特·唐尼 克里斯·海姆斯沃斯 克里斯·埃文斯 马克·鲁弗洛 乔什·布洛林 佐伊·索尔达娜 本尼迪克特·康伯巴奇 克里斯·帕拉特 汤姆·赫兰德 伊丽莎白·奥尔森 保罗·贝坦尼 斯嘉丽·约翰逊 查德维克·博斯曼 塞巴斯蒂安·斯坦 唐·钱德尔 汤姆·希德勒斯顿 安东尼·麦凯 黄凯旋 戴夫·巴蒂斯塔 布莱德利·库珀 范·迪塞尔 凯伦·吉兰 利蒂希娅·赖特 庞·克莱门捷夫 凯莉·库恩 汤姆-沃恩-劳勒 海登·瓦尔希 迈克尔·詹姆斯·肖 泰瑞·诺塔里 本尼西奥·德尔·托罗 彼特·丁拉基 罗斯·马昆德 丹娜·奎里拉 温斯顿·杜克 弗洛伦丝·卡松巴 塞缪尔·杰克逊 雅各布·巴特朗 斯坦·李,239053,https://movie.douban.com/subject/24773958/,8.1,516467,154233,3571,9,8.1,8.5
海王,动作 奇幻 冒险,2018-12-07(中国大陆),143,温子仁,杰森·莫玛 艾梅柏·希尔德 威廉·达福,杰森·莫玛 艾梅柏·希尔德 威廉·达福 帕特里克·威尔森 妮可·基德曼 杜夫·龙格尔 叶海亚·阿卜杜勒-迈丁 特穆拉·莫里森 林路迪 迈克尔·比奇 兰道尔·朴 格拉汉姆·麦克泰维什 雷·沃纳尔 泰努伊·柯克伍德 塔穆尔·柯克伍德 丹泽尔·夸克 卡恩·古尔杜尔 奥蒂斯·丹吉 克考亚·克库毛诺 朱莉·安德鲁斯 约翰·瑞斯-戴维斯 杰曼·翰苏 索菲亚·福雷斯特 娜塔莉亚姗福瑞 杰克·安德鲁 汉克·阿莫斯 帕特里克·考克斯 罗伯特·朗斯特里特 德维卡·帕利赫 梅布尔·塔莫内 文森特·B·拉戈斯 加布里埃拉·佩特科娃 爱丽丝·兰斯伯里 帕特里克·艾奇逊 约翰·盖蒂尔 塔丽亚·杰德·霍尔特 罗斯·克纳汉 布拉登·刘易斯 萨尔瓦多·梅伦达 山姆·莫纳汉 温妮·穆赞贝 凯·潘塔诺 安娜·帕奇 乔恩·奎斯蒂德 迪伦·斯图默 米奇·武尔夫,200254,https://movie.douban.com/subject/3878007/,7.7,469149,173585,2582,9.4,8.0,7.3
毒液：致命守护者,动作 科幻 惊悚,2018-11-09(中国大陆),112,鲁本·弗雷斯彻,汤姆·哈迪 米歇尔·威廉姆斯 里兹·阿迈德,汤姆·哈迪 米歇尔·威廉姆斯 里兹·阿迈德 斯科特·黑兹  瑞德·斯科特 珍妮·斯蕾特 梅罗拉·沃特斯 伍迪·哈里森 佩吉·陆 马尔科姆·C·默里 索佩·阿卢科 韦恩·佩雷 米歇尔·李 库尔特·岳 克里斯·奥哈拉 埃米里奥·瑞弗拉 阿里亚当娜·约瑟夫 袁之正 朴云龙 麦克·勃兰特 尼克·图恩 山姆·麦地那 迪塞尔·马德金斯 简·麦克尼尔 维克托·麦凯 马丁·巴特斯·布拉德福德 布兰顿·莫拉莱斯 马修·康威尔 斯坦·李 韦德·威廉姆斯 约瑟夫·阿梅 威廉·W·巴伯 玛塞拉·布拉吉奥 卡特·伯奇 克里斯蒂安·康佛瑞 詹姆斯·富尔特斯 丹妮拉·加斯基 约翰·盖蒂尔 艾米丽塔·T·冈萨雷斯 杰克·汉森 安东尼·B·哈里斯 卡茜·亨德利 罗恩·彼得·琼斯 霍梅洛·洛佩兹 万恩·姆约维奇,187066,https://movie.douban.com/subject/3168101/,7.2,469190,143712,1413,9.2,7.3,6.8
侏罗纪世界2,动作 科幻 冒险,2018-06-15(中国大陆),128,胡安·安东尼奥·巴亚纳,克里斯·帕拉特 布莱丝·达拉斯·霍华德 贾斯蒂斯·史密斯,克里斯·帕拉特 布莱丝·达拉斯·霍华德 贾斯蒂斯·史密斯 伊莎贝拉·瑟蒙 拉菲·斯波 托比·琼斯 泰德·拉文 詹姆斯·克伦威尔 黄荣亮 丹妮艾拉·皮内达 杰拉丁·卓别林 杰夫·高布伦 卡米尔·雷米泽斯基 丹尼尔·斯蒂森 皮特·杰森 迈克尔·帕帕约翰 罗伯特·埃姆斯 罗南·萨莫尔斯 麦克斯·贝克 丹尼尔·厄根 戴维·奥拉瓦莱·阿印德,169588,https://movie.douban.com/subject/26416062/,6.7,259181,78000,1231,8.6,7.1,6.2
头号玩家,动作 科幻 冒险,2018-03-30(中国大陆),140,史蒂文·斯皮尔伯格,泰伊·谢里丹 奥利维亚·库克 本·门德尔森,泰伊·谢里丹 奥利维亚·库克 本·门德尔森 马克·里朗斯 丽娜·维特 森崎温 赵家正 西蒙·佩吉 T·J·米勒 汉娜·乔恩-卡门 拉尔夫·尹爱森 苏珊·林奇 克莱尔·希金斯 劳伦斯·斯佩尔曼 佩蒂塔·维克斯 艾萨克·安德鲁斯,139666,https://movie.douban.com/subject/4920389/,8.7,722910,220557,5957,9,8.2,7.5
碟中谍6：全面瓦解,动作 惊悚 冒险,2018-08-31(中国大陆),147,克里斯托弗·麦奎里,汤姆·克鲁斯 亨利·卡维尔 文·瑞姆斯,汤姆·克鲁斯 亨利·卡维尔 文·瑞姆斯 西蒙·佩吉 丽贝卡·弗格森 西恩·哈里斯 安吉拉·贝塞特 凡妮莎·柯比 米歇尔·莫纳汉 韦斯·本特利 费雷德里克·施密特 亚历克·鲍德温 杨亮 克里斯托弗·约纳尔 沃尔夫·布利策 拉斐尔·琼勒 安德鲁·卡扎纳夫·平 克里斯多夫·德·舒瓦西 拉裴尔·德普雷 让·巴普蒂斯特·菲永 马克斯·盖勒 奥利维尔·体班德 亚历山大·普尔 阿利克斯·贝纳泽什 乔伊·安沙 维利贝·托皮奇 格雷厄姆·福克斯 卡斯珀·菲利普森 菲恩·乔利 鲁斯·贝恩 奈杰尔·艾伦,124522,https://movie.douban.com/subject/26336252/,8.1,347967,101696,930,9,7.9,7.8
巨齿鲨,动作 科幻 惊悚,2018-08-10(美国/中国大陆),115,乔·德特杜巴,杰森·斯坦森 李冰冰 雷恩·威尔森,杰森·斯坦森 李冰冰 雷恩·威尔森 鲁比·罗丝 赵文瑄 佩吉·肯尼迪 杰西卡·麦克娜美 奥拉维尔·达里·奥拉夫松 罗伯特·泰勒 蔡书雅 丘增 克利夫·柯蒂斯 安佑森 罗伯·基帕-威廉姆斯 维他亚·潘斯林加姆 安得烈·格兰杰 蒂姆·王 史蒂文·A·戴维斯 托万达·马尼莫 买红妹,105178,https://movie.douban.com/subject/26426194/,5.7,143036,46147,734,8.7,6.9,5.7
狂暴巨兽,动作 科幻 冒险,2018-04-13(美国/中国大陆),107,布拉德·佩顿,道恩·强森 娜奥米·哈里斯 杰弗里·迪恩·摩根,道恩·强森 娜奥米·哈里斯 杰弗里·迪恩·摩根 玛琳·阿克曼 杰克·莱西 乔·曼根尼罗 玛丽·谢尔顿 P·J·伯恩 德米垂斯·格罗斯 杰克·奎德 布里安·希尔 马特·杰拉德 李威尹 尤里亚·费伯 布鲁斯·布莱克希尔 杰森·莱尔斯 马克·威尔斯 阿莉莎·布鲁克 亚当·希泰凯尔 加里·维克斯 阿诺德·陈,100395,https://movie.douban.com/subject/26430636/,6.4,108437,32596,485,8.9,6.8,6.1
蚁人2：黄蜂女现身,动作 科幻 冒险,2018-08-24(中国大陆),118,佩顿·里德,保罗·路德 伊万杰琳·莉莉 迈克尔·佩纳,保罗·路德 伊万杰琳·莉莉 迈克尔·佩纳 汉娜·乔恩-卡门 沃尔顿·戈金斯 鲍比·坎纳瓦尔 朱迪·格雷尔 T.I. 大卫·达斯马齐连 艾比·莱德·弗特森 兰道尔·朴 米歇尔·菲佛 劳伦斯·菲什伯恩 迈克尔·道格拉斯 戈兰·卡斯蒂克 罗布·阿切尔 肖恩·克莱尔 本·戴维斯 迈克尔·瑟沃瑞斯 达克斯·格里芬 海莉·洛维特 玛德琳·麦格劳 蒂姆·海德克 布莱恩·赫斯基 朱莉娅·维拉 布莱恩·卢戈 托里·沃格尔 汤姆·夏普林 斯坦·李 约瑟夫·阿梅 安迪·阿尼斯 威廉·W·巴伯 玛塞拉·布拉吉奥 塞尔吉奥·布里奥内斯 乔·布卡罗三世 蒂莫西·卡尔 贾迈尔·钱伯斯 扎卡里·卡伯森 雅各布·埃文斯 米歇尔·方 盖尔·甘布尔 克里斯·加恩 约翰·盖蒂尔 杰克·汉森 卡茜·亨德利,83156,https://movie.douban.com/subject/26636712/,7.3,289796,70214,457,8.8,7.3,7.1
摩天营救,动作 惊悚 冒险,2018-07-20(中国大陆),102,罗森·马歇尔·瑟伯,道恩·强森 内芙·坎贝尔 黄经汉,道恩·强森 内芙·坎贝尔 黄经汉 罗兰·默勒 麦肯纳·罗伯茨 诺亚·科特雷尔 诺亚·泰勒 巴勃罗·施瑞博尔 凯文·兰金 昆凌 文峰 马特·欧莱瑞 比特里斯·金 马志 保罗·麦克吉莱恩 吴嘉星 艾德里安·霍姆斯 维努斯·特雷佐 杰特·克莱恩 拜伦·劳森 关永扬 法比欧·塔索恩 卡洛·余,66981,https://movie.douban.com/subject/26804147/,6.3,112472,32940,419,9.1,6.8,5.9
黑豹,动作 科幻 冒险,2018-03-09(中国大陆),134,瑞恩·库格勒,查德维克·博斯曼 露皮塔·尼永奥 迈克尔·B·乔丹,查德维克·博斯曼 露皮塔·尼永奥 迈克尔·B·乔丹 丹娜·奎里拉 马丁·弗瑞曼 丹尼尔·卡卢亚 利蒂希娅·赖特 温斯顿·杜克 斯特林·K·布朗 安吉拉·贝塞特 福里斯特·惠特克 安迪·瑟金斯 弗洛伦丝·卡松巴 约翰·卡尼 大卫·S·李 娜比娅·毕,66259,https://movie.douban.com/subject/6390825/,6.5,290320,82626,1600,8.4,7.0,7.3
古墓丽影：源起之战,动作 冒险,2018-03-16(美国/中国大陆),118,罗阿尔·乌索格,艾丽西亚·维坎德 多米尼克·威斯特 沃尔顿·戈金斯,艾丽西亚·维坎德 多米尼克·威斯特 沃尔顿·戈金斯 吴彦祖 克里斯汀·斯科特·托马斯 汉娜·乔恩-卡门 尼克·弗罗斯特 德里克·雅各比 安东尼奥·阿克儿 亚历山大·维尧姆 杰美·温斯顿 迈克尔·奥拜奥拉 艾米丽·凯里 肯尼思·霍,49747,https://movie.douban.com/subject/3445906/,6.0,113317,35230,808,8.3,6.8,6.3
勇敢者游戏：决战丛林,动作 奇幻 冒险,2018-01-12(中国大陆),119,杰克·卡斯丹,道恩·强森 凯文·哈特 杰克·布莱克,道恩·强森 凯文·哈特 杰克·布莱克 凯伦·吉兰 尼克·乔纳斯 瑞斯·达比 鲍比·坎纳瓦尔 亚历克斯·沃尔夫 瑟达吕斯·布兰 麦迪森·伊瑟曼 摩根·特纳 梅森·古乔内 马克·埃文·杰克逊 玛琳·辛科 特雷西·邦纳 玛莉贝丝·梦露 米西·派勒 杰米·雷内尔 卡尔利斯·布克 罗翰·昌德 科林·汉克斯,49193,https://movie.douban.com/subject/26586766/,6.9,133428,38233,470,8.6,7.1,7.0
蜘蛛侠：平行宇宙,动作 科幻 动画,2018-12-21(中国大陆),116,鲍勃·佩尔西凯蒂 彼得·拉姆齐 罗德尼·罗斯曼,沙梅克·摩尔 杰克·约翰逊 海莉·斯坦菲尔德,沙梅克·摩尔 杰克·约翰逊 海莉·斯坦菲尔德 马赫沙拉·阿里 布莱恩·泰里·亨利 莉莉·汤姆林 劳伦·维勒斯 佐伊·克罗维兹 约翰·木兰尼 金可·格伦 尼古拉斯·凯奇 凯瑟琳·哈恩 列维·施瑞博尔 克里斯·派恩 娜塔丽·莫瑞丝 奥斯卡·伊萨克 格里塔·李 斯坦·李 乔玛·塔科内 华金·科西奥 蕾克·贝尔 梅勒妮·海恩斯 尼克·杰恩 穆尼卜·拉赫曼 卡洛斯·萨拉戈萨 黛西·罗斯·布莱内斯 里夫·霍顿 哈里森·奈特 莱克斯·朗 凯特琳·麦肯纳-威尔金森 斯科特·门维尔 克里斯托弗·米勒 德维卡·帕利赫 柯特妮·佩尔顿 克里斯蒂·法瑞斯 杰奎琳·皮诺尔 贾斯汀·沉卡罗 梅利莎·斯特姆,42574,https://movie.douban.com/subject/26374197/,8.7,232762,80776,771,8.8,8.3,8.6
神奇动物：格林德沃之罪,奇幻 冒险,2018-11-16(中国大陆/美国),134,大卫·叶茨,埃迪·雷德梅恩 凯瑟琳·沃特斯顿 约翰尼·德普,埃迪·雷德梅恩 凯瑟琳·沃特斯顿 约翰尼·德普 裘德·洛 埃兹拉·米勒 丹·福勒 艾莉森·萨多尔 佐伊·克罗维兹 卡勒姆·特纳 金秀贤 威廉·纳迪兰 凯文·格思里 卡门·艾乔戈 沃尔夫·罗特 德里克·里德尔 科内尔·约翰 英格瓦·埃盖特·西古德松 波佩·科比-特曲 西蒙·米考克 大卫·樱井 维多利亚·耶茨 奥拉维尔·达里·奥拉夫松 大卫·威尔莫特 艾德·高根 奥莉维亚·波皮卡 阿尔菲·西蒙斯 菲奥娜·格拉斯科特 杰米·坎贝尔·鲍尔 托比·瑞格波 约书亚·谢伊 布隆蒂斯·佐杜洛夫斯基 杰西卡·威廉姆斯 欧文·弗热瑞 休·夸希 塔希尔·布尔汉 迈克尔·科布 萨比恩·克洛森 亚历珊德拉·福特 肖恩·吉斯灵厄姆 通恰伊·古奈什 迈克尔·海登 露丝·霍洛克斯 泰·赫尔利 纳西尔·贾玛 卡米尔·雷米泽斯基 迪诺·布加迪,39889,https://movie.douban.com/subject/26147417/,7.1,259208,90013,1117,7.8,7.2,6.7
超人总动员2,喜剧 动作 动画,2018-06-22(中国大陆),118,布拉德·伯德,格雷格·T·尼尔森 霍利·亨特 莎拉·沃威尔,格雷格·T·尼尔森 霍利·亨特 莎拉·沃威尔 赫克·米尔纳 伊莱·富西尔 凯瑟琳·基纳 塞缪尔·杰克逊 伊莎贝拉·罗西里尼 鲍勃·奥登科克 布拉德·伯德 索菲亚·布什 乔纳森·班克斯 约翰·拉岑贝格 金伯利·阿代尔·克拉克 托亚·特纳,35438,https://movie.douban.com/subject/25849049/,7.9,158636,42292,527,8.9,7.9,7.8
移动迷宫3：死亡解药,动作 科幻 冒险,2018-01-26(美国/中国大陆),142,韦斯·鲍尔,迪伦·奥布莱恩 卡雅·斯考达里奥 李起弘,迪伦·奥布莱恩 卡雅·斯考达里奥 李起弘 托马斯·布罗迪-桑斯特 罗莎·萨拉查 德克斯特·达登 艾丹·吉伦 威尔·保尔特 吉安卡罗·埃斯波西托 沃尔顿·戈金斯 派翠西娅·克拉克森 巴里·佩珀,31528,https://movie.douban.com/subject/26004132/,5.3,58778,17999,467,8,6.2,6.2
无敌破坏王2：大闹互联网,喜剧 动画 奇幻,2018-11-23(中国大陆),112,菲尔·约翰斯顿 瑞奇·摩尔,约翰·C·赖利 萨拉·西尔弗曼 盖尔·加朵,约翰·C·赖利 萨拉·西尔弗曼 盖尔·加朵 塔拉吉·P·汉森 杰克·麦克布瑞尔 简·林奇 艾伦·图代克 阿尔弗雷德·莫里纳 艾德·奥尼尔 肖恩·吉布朗尼 弗卢拉·博格 蒂莫西·西蒙斯 黄阿丽 韩秘书·布雷克 葛洛泽尔·格林 瑞贝卡·薇索基 山姆·理查森 雅布其·杨-怀特 莫里斯·拉马奇 梅丽莎·维拉斯诺 凯蒂·洛斯 贾米·埃曼 霍拉提奥·桑斯 亚历克斯·莫法特 琼·斯奎布 德拉·萨巴 菲尔·约翰斯顿 约翰·迪·玛吉欧 瑞奇·摩尔 科琳·巴林杰 达尼·费尔南德斯 蒂芙妮·赫雷拉 阿娜·奥缇兹 迪安娜·阿格隆 杰森·曼兹沃克斯 雷蒙德·S·佩尔西 伏霞 罗杰·克莱格·史密斯 蒂姆·艾伦 布拉德·加内特 安东尼·丹尼尔斯 科里·伯顿 范·迪塞尔 维韦卡·波林 迈克·吉亚奇诺 凯文·迪特斯 尼可·斯彻金格 丹·雷诺斯 艾琳·贝达 克里斯汀·贝尔 裘蒂·班森 奥丽伊·卡瓦洛 詹妮弗·黑尔 凯特·希金斯 琳达·拉金 凯莉·麦克唐纳 伊迪娜·门泽尔 曼迪·摩尔 佩吉·奥哈拉 帕米拉·里本 阿尼卡·诺尼·罗斯 温明娜 珍妮卡·贝尔格雷 比尔·哈德尔,27116,https://movie.douban.com/subject/20438964/,8.1,178901,60303,777,8.8,8.2,7.2
精灵旅社3：疯狂假期,喜剧 动画 奇幻,2018-08-17(中国大陆),98,格恩迪·塔塔科夫斯基,亚当·桑德勒 凯瑟琳·哈恩 史蒂夫·布西密,亚当·桑德勒 凯瑟琳·哈恩 史蒂夫·布西密 赛琳娜·戈麦斯 阿什·布林克夫 梅尔·布鲁克斯 科甘-迈克尔·凯 安迪·萨姆伯格 法兰·德瑞雪 大卫·斯佩德 凯文·詹姆斯 莫莉·香侬 格恩迪·塔塔科夫斯基 乔·怀特 克莉丝汀·泰根 乔·乔纳斯 吉姆·加菲根,22361,https://movie.douban.com/subject/26630714/,6.7,68422,20178,151,8.7,7.1,6.3
寂静之地,惊悚 恐怖,2018-05-18(中国大陆),90,约翰·卡拉辛斯基,艾米莉·布朗特 约翰·卡拉辛斯基 米利森特·西蒙兹,艾米莉·布朗特 约翰·卡拉辛斯基 米利森特·西蒙兹 诺亚·尤佩 凯德·伍德沃德 里昂·拉瑟姆 桃乐丝·麦卡锡,22090,https://movie.douban.com/subject/26997663/,6.3,188431,65438,1376,7.7,7.1,7.6
铁血战士,动作 科幻 惊悚,2018-10-26(中国大陆),107,沙恩·布莱克,波伊德·霍布鲁克 崔凡特·罗兹 雅各布·特伦布莱,波伊德·霍布鲁克 崔凡特·罗兹 雅各布·特伦布莱 科甘-迈克尔·凯 奥立薇娅·玛恩 斯特林·K·布朗 托马斯·简 阿尔菲·艾伦 奥古斯托·阿奎莱拉 杰克·布塞 伊冯娜·斯特拉霍夫斯基 布赖恩·A·普林斯 麦克·多普德 尼尔迈特 加里·切克 艾米·阿内克 弗雷泽·艾奇逊 简·波斯 洛奇林·莫罗 叶芳华 里斯·威廉姆斯 萨奇·布洛克勒班克 肖恩·O.罗伯茨 柯林·科里根 帕特里克·萨邦圭 弗雷泽·科比特 阿隆·克拉文 安德鲁·詹金斯,21687,https://movie.douban.com/subject/25917789/,5.0,36610,11951,222,7.7,5.8,5.4
奇迹男孩,剧情 儿童 家庭,2018-01-19(中国大陆),113,斯蒂芬·卓博斯基,雅各布·特伦布莱 朱莉娅·罗伯茨 伊扎贝拉·维多维奇,雅各布·特伦布莱 朱莉娅·罗伯茨 伊扎贝拉·维多维奇 欧文·威尔逊 诺亚·尤佩 丹妮尔·罗丝·拉塞尔 纳吉·杰特 戴维德·迪格斯 曼迪·帕廷金 布莱斯·吉扎尔 艾尔·麦金农 泰·孔西利奥 詹姆斯·休斯 凯尔·布瑞特科夫 米莉·戴维斯 莉娅·朱厄特 凯琳·布瑞特科夫 利亚姆·迪金森 艾玛·特伦布莱 马克·多兹劳 鲁奇娅·伯纳德 J·道格拉斯·斯图瓦特 阿里·利伯特 埃丽卡·麦基特里克 本杰明·拉特纳 杰森·麦金农 索尼娅·布拉加 吉洁特,19151,https://movie.douban.com/subject/26787574/,8.6,272528,83253,2365,9.2,8.1,8.0
憨豆特工3,喜剧 动作 冒险,2018-11-23(中国大陆),89,大卫·科尔,罗温·艾金森 本·米勒 欧嘉·柯瑞兰寇,罗温·艾金森 本·米勒 欧嘉·柯瑞兰寇 杰克·莱西 艾玛·汤普森 米兰达·亨妮莎 亚当·詹姆斯 萨曼莎·罗素 大卫·穆梅尼 通恰伊·古奈什 梶冈润一 埃迪·奥康奈尔 尼克·欧文福特 马修·比尔德,17230,https://movie.douban.com/subject/27073234/,6.4,43755,12182,127,8.6,6.7,6.2
公牛历险记,喜剧 动画 冒险,2018-01-19(中国大陆),108,卡洛斯·沙尔丹哈,约翰·塞纳 凯特·麦克金农 莉莉·戴,约翰·塞纳 凯特·麦克金农 莉莉·戴 鲍比·坎纳瓦尔 安东尼·安德森 大卫·田纳特 吉娜·罗德里格兹 戴维德·迪格斯 加布里埃尔·伊格莱西亚斯 杰洛德·卡尔迈克 劳尔·埃斯帕扎 米格尔·安赫尔·西尔维斯特 弗卢拉·博格 莎莉·菲利普斯 波瑞斯·科乔 杰克·戈尔 杰特·尤尔根斯米尔 奈尔·迪亚兹 科林·H·墨菲 卡洛斯·沙尔丹哈 杰瑞米·西斯托 路易斯·卡洛斯·德拉·隆巴纳 胡安内斯 茱莉亚·斯卡帕·萨尔达尼亚 拉斐尔·斯卡帕·萨尔达尼亚 卡拉·马丁内斯 乔迪·卡巴勒罗 玛丽亚·佩拉莫尔 娜扎宁·霍马 安德烈亚斯·A·埃斯帕萨 詹姆斯·帕伦博 伯纳多·德·保拉 贝莉塔·莫里诺 蒂姆·诺德奎斯特 阿尔瓦罗·门多萨 卡洛斯·雷格-普拉扎 辛迪·斯拉特里 杰森·弗里基奥内 苏珊娜·巴列斯特罗斯 安娜·帕特丽夏·加梅斯,17201,https://movie.douban.com/subject/25846857/,7.2,35202,10903,234,9.1,7.2,6.7
比得兔,喜剧 动画 冒险,2018-03-02(中国大陆),95,威尔·古勒,詹姆斯·柯登 多姆纳尔·格里森 萝丝·拜恩,詹姆斯·柯登 多姆纳尔·格里森 萝丝·拜恩 伊丽莎白·德比茨基 玛格特·罗比 黛西·雷德利 科林·穆迪 山姆·尼尔 希雅 伊文·莱斯利 费萨尔·巴齐 克里斯蒂安·加扎尔 玛丽安娜·琼-巴普蒂斯特 加雷斯·戴维斯 山姆·哈夫特 萨莎·霍勒 娜塔丽·朱 特伦尼娅·爱德华兹 费利克斯·威廉森 许明珠 布莱恩·布朗 蕾切尔·沃德 大卫·文翰 威尔·赖歇尔特,16839,https://movie.douban.com/subject/26649604/,7.1,65297,20458,282,8.9,7.6,6.6
阿尔法：狼伴归途,剧情 冒险,2018-09-07(中国大陆),96,艾尔伯特·休斯,柯蒂·斯密特-麦菲 恰克 约翰内斯·豪克尔·约翰内森,柯蒂·斯密特-麦菲 恰克 约翰内斯·豪克尔·约翰内森 娜塔莎·迈尔兹 蕾奥娜·维埃拉 延斯·赫尔腾 梅赛德斯·德拉泽尔达 普里亚·拉贾拉特南 斯潘塞·博加特 帕特里克·弗拉纳根 迈克尔·克鲁斯-代赫勒 马辛·科瓦奇克,11457,https://movie.douban.com/subject/26810318/,6.4,25940,8910,294,8.3,6.8,6.7
胡桃夹子和四个王国,奇幻 冒险,2018-11-02(中国大陆/美国),99,拉斯·霍尔斯道姆 乔·庄斯顿,麦肯吉·弗依 摩根·弗里曼 凯拉·奈特莉,麦肯吉·弗依 摩根·弗里曼 凯拉·奈特莉 马修·麦克费登 海伦·米伦 艾丽·巴姆博 米兰达·哈特 欧赫尼奥·德尔维斯 杰克·怀特霍尔 理查德·E·格兰特 谢尔盖·波卢宁 欧米德·吉亚李利 梅拉·沙尔 尼克·穆罕默德 杰茜·维宁 汤姆·斯威特 马里安·洛伦西克 芙洛·费拉科 丽塔-麦克唐纳丹帕 查尔斯·斯特里特,11257,https://movie.douban.com/subject/26741061/,6.0,41613,16606,193,7.9,6.4,5.5
游侠索罗：星球大战外传,动作 科幻 冒险,2018-05-25(美国/中国大陆),135,朗·霍华德,阿尔登·埃伦瑞奇 艾米莉亚·克拉克 伍迪·哈里森,阿尔登·埃伦瑞奇 艾米莉亚·克拉克 伍迪·哈里森 唐纳德·格洛弗 保罗·贝坦尼 乔纳斯·索塔莫 菲比·沃勒-布里奇 沃维克·戴维斯 坦迪·牛顿 克林特·霍华德 伊安·肯尼 理查德·迪克森,10632,https://movie.douban.com/subject/25900947/,6.9,40542,11785,277,8.1,7.1,7.0
水形物语,剧情 爱情 奇幻,2018-03-16(中国大陆),123,吉尔莫·德尔·托罗,莎莉·霍金斯 道格·琼斯 迈克尔·珊农,莎莉·霍金斯 道格·琼斯 迈克尔·珊农 理查德·詹金斯 奥克塔维亚·斯宾瑟 迈克尔·斯图巴 大卫·休莱特 尼克·西塞 斯图尔特·阿诺特 尼格尔·本内特 劳伦·李·史密斯 马丁·罗奇 阿莱格拉·富尔顿 约翰·卡普洛斯 摩根·凯利 马文·凯伊 德鲁·维尔戈维尔,10542,https://movie.douban.com/subject/26752852/,7.2,291029,96116,2772,8,7.6,7.3
马戏之王,剧情 传记 歌舞,2018-02-01(中国大陆),105,迈克尔·格雷西,休·杰克曼 米歇尔·威廉姆斯 扎克·埃夫隆,休·杰克曼 米歇尔·威廉姆斯 扎克·埃夫隆 赞达亚 丽贝卡·弗格森 奥丝汀·约翰森 卡梅伦·丝蕾 基拉·塞特尔 萨姆·汉弗莱 叶海亚·阿卜杜勒-迈丁 埃里克·安德森 伊利斯·鲁宾 斯凯勒·杜恩 丹尼尔·埃维里奇 拉杜·斯平格尔 小森优作 丹尼尔·松 保罗·斯帕克斯 威尔·斯文森,10125,https://movie.douban.com/subject/3914513/,7.7,108400,38874,852,8.9,7.9,7.6
飓风奇劫,动作 犯罪 惊悚,2018-11-02(中国大陆),103,罗伯·科恩,托比·凯贝尔 玛姬·格蕾斯 瑞恩·柯万腾,托比·凯贝尔 玛姬·格蕾斯 瑞恩·柯万腾 拉尔夫·尹爱森 梅丽莎·博洛纳 本·克劳斯 杰米·安德鲁·卡特勒 克里斯蒂安·孔特雷拉斯 艾德·伯奇 埃里克·罗德尔 马克·史密斯 布鲁克·约翰斯顿 帕特里克·麦考利 莱昂纳多·狄更斯 斯图尔特·麦克奎里 娜塔莎·卡拉姆 阿塔纳斯·斯雷布雷夫 卢克·朱迪 安德烈·鲁滨孙,9513,https://movie.douban.com/subject/26793385/,5.9,11027,3344,97,8.3,6.1,5.1
雪怪大冒险,喜剧 动画 冒险,2018-10-19(中国大陆),96,凯瑞·柯克帕特里克 杰森·雷西格,查宁·塔图姆 詹姆斯·柯登 赞达亚,查宁·塔图姆 詹姆斯·柯登 赞达亚 勒布朗·詹姆斯 科曼 吉娜·罗德里格兹 丹尼·德维托 吉米·塔特罗 雅拉·沙希迪 伊利·亨利,7508,https://movie.douban.com/subject/26944582/,7.4,14074,4474,71,9.2,7.6,6.7
湮灭,剧情 科幻 惊悚,2018-04-13(中国大陆),115,亚历克斯·嘉兰,娜塔莉·波特曼 詹妮弗·杰森·李 吉娜·罗德里格兹,娜塔莉·波特曼 詹妮弗·杰森·李 吉娜·罗德里格兹 泰莎·汤普森 奥斯卡·伊萨克 水野索诺娅 大卫·吉雅西 图娃·诺沃妮 黄凯旋 约翰·施瓦布 萨米·海曼 乔希·丹福德 克里斯汀·麦加里蒂,6608,https://movie.douban.com/subject/26384741/,7.1,230531,65782,1452,7.3,7.6,6.9
三块广告牌,剧情 犯罪,2018-03-02(中国大陆),115,马丁·麦克唐纳,弗兰西斯·麦克多蒙德 伍迪·哈里森 山姆·洛克威尔,弗兰西斯·麦克多蒙德 伍迪·哈里森 山姆·洛克威尔 艾比·考尼什 卢卡斯·赫奇斯 彼特·丁拉基 约翰·浩克斯 卡赖伯·兰德里·琼斯 凯瑟琳·纽顿 凯瑞·康顿 泽利科·伊万内克 萨玛拉·维文 克拉克·彼得斯 尼克·西塞 阿曼达·沃伦 玛拉雅·瑞沃拉·德鲁  布兰登·萨克斯顿 迈克尔·艾伦·米利甘,6499,https://movie.douban.com/subject/26611804/,8.7,424919,119482,3461,8.6,8.1,8.2
我的间谍前男友,喜剧 动作,2018-10-19(中国大陆),117,苏珊娜·福格尔,米拉·库尼斯 凯特·麦克金农 贾斯汀·塞洛克斯,米拉·库尼斯 凯特·麦克金农 贾斯汀·塞洛克斯 萨姆·修汉 薇尔玛·斯泽克斯 哈桑·明哈杰 凯文·亚当斯 吉莲·安德森 伊万娜·萨赫诺 简·库丁 保罗·雷瑟 弗雷德·迈拉麦德 詹姆斯·弗雷特 卡罗琳·皮克尔斯 贾斯婷·瓦希伯格 汤姆·斯托顿 罗德里克·希尔,6174,https://movie.douban.com/subject/26999424/,6.3,36835,12236,88,8.1,6.3,6.0
忌日快乐,悬疑 惊悚 恐怖,2018-02-02(中国大陆),96,克里斯托弗·兰登,杰西卡·罗德 伊瑟尔·布罗萨德 露比·莫迪恩,杰西卡·罗德 伊瑟尔·布罗萨德 露比·莫迪恩 查尔斯·艾特肯 劳拉·克利夫顿 杰森·拜尔 罗布·梅洛 瑞秋·马休斯 拉姆齐·安德森 布雷迪·刘易斯 飞·武 泰内娅·因崔亚戈 布莱恩·克恩 卡瑞尔拉·史密斯 吉米·冈萨雷斯 比利·斯洛特 唐娜·杜普兰提尔 吉吉·埃内塔 林赛·G·史密斯 戴恩·罗兹 凯莱布·斯比尔亚兹 蜜西·雅格,6126,https://movie.douban.com/subject/27027913/,7.1,146157,43934,516,8.3,7.1,6.5
深海越狱,动作 冒险,2018-06-08(中国大陆),105,帕夏·帕特里基,尚格·云顿 杜夫·龙格尔 杰思敏·沃兹,尚格·云顿 杜夫·龙格尔 杰思敏·沃兹 帕特里克·基尔帕特里克 阿尔·萨皮恩扎 克里斯·云顿 兰斯·E·尼克尔斯 亚历山大·维舍尔鲍默 考特尼·B·特克 卡塔尔·彭德莱 马克·希曼  伊恩·奈尔斯 约翰·波西 亚伦·奥康奈尔 杰姆斯·班尼特 瓦内萨·莫达 汤姆·德努奇 唐迪·塔格韦尔,5137,https://movie.douban.com/subject/26949264/,4.4,8537,2542,62,7,4.6,4.7
小马宝莉大电影,喜剧 动画 冒险,2018-02-02(中国大陆),99,杰森·西森,奥卓·阿杜巴 艾米莉·布朗特 阿什莉·鲍尔,奥卓·阿杜巴 艾米莉·布朗特 阿什莉·鲍尔 克里斯汀·肯诺恩斯 泰雅·迪格斯 安德莉亚·利布曼 迈克尔·佩纳 佐伊·索尔达娜 列维·施瑞博尔 希雅 塔比莎·杰曼 塔拉·斯特朗 凯西·薇瑟乐克 马克斯·马蒂尼,4681,https://movie.douban.com/subject/26176481/,6.8,2375,978,25,8.7,7.1,6.1
通勤营救,动作 犯罪 惊悚,2018-03-30(中国大陆),105,佐米·希尔拉,连姆·尼森 维拉·法米加 帕特里克·威尔森,连姆·尼森 维拉·法米加 帕特里克·威尔森 乔纳森·班克斯 山姆·尼尔 伊丽莎白·麦戈文 基连·斯科特 沙扎德·拉蒂夫 安迪·尼曼 克拉拉·拉戈 罗兰·默勒 弗洛伦斯·皮尤 迪恩·查尔斯·查普曼 埃拉-雷·史密斯 妮拉·阿利亚 柯林·麦克法兰 寇布勒·霍尔德布鲁克-史密斯 亚当·那加提斯 金斯利·本-阿德 戴姆森·伊德瑞斯 本·卡普兰 利蒂希娅·赖特 杰米·比米什,4540,https://movie.douban.com/subject/7056414/,6.6,47732,12257,229,8.4,6.9,6.3
犬之岛,喜剧 动画 冒险,2018-04-20(中国大陆),97,韦斯·安德森,布莱恩·科兰斯顿 爱德华·诺顿 科宇·兰金,布莱恩·科兰斯顿 爱德华·诺顿 科宇·兰金 列维·施瑞博尔 比尔·默瑞 杰夫·高布伦 鲍勃·巴拉班 野村训市 格蕾塔·葛韦格 斯嘉丽·约翰逊 蒂尔达·斯文顿 弗兰西斯·麦克多蒙德 罗曼·科波拉 卡拉·海沃德 高山明 伊藤晃 哈威·凯特尔 F·默里·亚伯拉罕 小野洋子 渡边谦 夏木真理 费舍·史蒂芬斯 村上虹郎 考特尼·万斯 安杰丽卡·休斯顿 野田洋次郎 山田孝之 秋元梢 松田翔太 松田龙平 池田依来沙 杰克·莱恩 育乃介 儿玉太一 卡琳·奥克索 弗兰克·伍德 爱德华·博奇,4353,https://movie.douban.com/subject/26640371/,8.3,154007,46977,755,7.8,8.0,7.9
网络谜踪,剧情 犯罪 悬疑,2018-12-14(中国大陆),102,阿尼什·查甘蒂,约翰·赵 米切尔·拉 黛博拉·梅辛,约翰·赵 米切尔·拉 黛博拉·梅辛 约瑟夫·李 萨拉·米博·孙 亚历克丝·杰恩·高 梅金·刘 刘卡雅 多米尼克·霍夫曼 西尔维亚·米纳西安 梅丽莎·迪斯尼 康纳·麦克雷斯 科林·伍德尔 约瑟夫·约翰·谢尔勒 阿什丽·艾德纳 考特尼·劳伦·卡明斯 托马斯·巴布萨卡 朱莉·内桑森 罗伊·阿布拉姆森 盖奇·比尔托福 肖恩·奥布赖恩 瑞克·萨拉比亚 布拉德·阿布瑞尔 加布里埃尔·D·安吉尔,3050,https://movie.douban.com/subject/27615441/,8.5,236832,72960,760,8.5,8.3,7.7
传奇的诞生,剧情 传记 运动,2018-09-07(中国大陆),107,杰夫·泽姆巴利斯特 迈克尔·泽姆巴利斯特,凯文·德·保拉 莱昂纳多·利马·卡瓦柳 索·豪黑,凯文·德·保拉 莱昂纳多·利马·卡瓦柳 索·豪黑 马丽雅娜·努涅斯 米尔顿·哥恩卡维斯 塞思·迈克尔斯 文森特·多诺费奥 安德瑞马托斯 菲尔·米勒 拉斐尔·亨里克斯 费利佩·西马斯 阿德里亚诺·阿拉贡 玛丽安娜·巴尔沙 小埃里克·贝尔 迪耶戈·博内塔,2828,https://movie.douban.com/subject/3073268/,7.6,10930,3600,96,9.2,7.6,7.2
绿毛怪格林奇,喜剧 动画 奇幻,2018-12-14(中国大陆),86,亚罗·切尼 斯科特·摩西尔,本尼迪克特·康伯巴奇 卡梅伦·丝蕾 拉什达·琼斯,本尼迪克特·康伯巴奇 卡梅伦·丝蕾 拉什达·琼斯 法瑞尔·威廉姆斯 特里斯坦·奥哈尔 基南·汤普森 山姆·拉瓦尼诺 雷蒙·汉密尔顿 安吉拉·兰斯伯瑞 斯嘉丽·艾斯特维兹 迈克尔·贝亚蒂 罗里·艾伦 卡特·海斯汀斯 卡洛斯·阿拉斯拉奇 约翰·卡西尔 凯茜·卡瓦蒂妮 丹尼·曼恩 杰里米·马克斯韦尔 汤森·科尔曼 斯科特·摩西尔 梅里·康德伦 拉瑞恩·纽曼 布莱恩·T·德莱尼 约翰·德米塔 比尔·法玛尔 乔尔·斯维唐 亚伦·福尔斯 明迪·斯特林 塔拉·斯特朗 杰斯·哈梅尔 雷吉纳·托芬 吉姆·瓦德,2644,https://movie.douban.com/subject/23774869/,6.3,5821,2282,30,8.6,6.5,6.3
虎胆追凶,动作 犯罪 惊悚,2018-09-21(中国大陆),97,伊莱·罗斯,布鲁斯·威利斯 文森特·多诺费奥 伊丽莎白·苏,布鲁斯·威利斯 文森特·多诺费奥 伊丽莎白·苏 迪恩·诺里斯 博·纳普 金伯莉·伊丽丝 卡米拉·莫罗 兰·卡琉 杰克·凯西 罗尼·吉恩·贝尔维斯 可比·毕丝·布兰顿 安德里亚斯·艾波吉斯 伊恩·马休斯 温迪·古逊 瓦罗娜·塞茨瓦埃洛 路易斯·奥利瓦 杰森·卡弗利尔 夸西·宋桂,2242,https://movie.douban.com/subject/3078549/,6.5,16822,4772,81,8.5,6.7,6.4
滴答屋,喜剧 奇幻 惊悚,2018-11-01(中国大陆),104,伊莱·罗斯,杰克·布莱克 凯特·布兰切特 欧文·瓦卡罗,杰克·布莱克 凯特·布兰切特 欧文·瓦卡罗 凯尔·麦克拉克伦 芮妮·戈兹贝里 考林·加普 桑尼·苏尔季克 洛伦扎·伊佐 Braxton Bjerken Vanessa Anne Williams 查尔斯·格林 De'Jon Watts 艾伦·比尔纳 Christian Calloway 伊莱·罗斯 Anna Chuancheun 德梅特里·兰德尔 佩拉·米德尔顿,1905,https://movie.douban.com/subject/10759740/,5.5,11884,4100,40,7.6,6.2,6.1
汪星卧底,喜剧 冒险,2018-07-20(中国大陆),92,拉加·高斯内尔,威尔·阿奈特 卢达克里斯 斯坦利·图齐,威尔·阿奈特 卢达克里斯 斯坦利·图齐 娜塔莎·雷昂 艾伦·卡明 加布里埃尔·伊格莱西亚斯 沙奎尔·奥尼尔 迪莉娅·谢泼德 安迪·比克维奇 奥马尔·查帕罗 凯瑞·莎勒 丹尼尔·厄根,1499,https://movie.douban.com/subject/26930056/,6.1,2084,744,10,8.5,6.2,3.6
超能泰坦,科幻 惊悚,2018-10-12(中国大陆),97,伦纳特·拉夫,萨姆·沃辛顿 泰勒·席林 汤姆·威尔金森,萨姆·沃辛顿 泰勒·席林 汤姆·威尔金森 阿格妮丝·迪恩 娜塔莉·伊曼纽尔 诺亚·尤佩 克里·约翰逊 亚历山大·约瓦诺维奇 迪耶戈·博内塔 亚伦·赫弗南 娜奥米·巴特里克 史蒂芬·克里 娜塔莉·波萨 弗朗西斯科·加里多 凯尔·索列尔 本·奥德里基 古斯塔沃·萨尔梅龙,1428,https://movie.douban.com/subject/26649627/,4.5,6930,2294,75,5.8,5.8,4.8
摘金奇缘,喜剧 爱情,2018-11-30(中国大陆),121,朱浩伟,吴恬敏 亨利·戈尔丁 杨紫琼,吴恬敏 亨利·戈尔丁 杨紫琼 嘉玛·陈 奥卡菲娜 卢燕 岑勇康 郑肯 水野索诺娅 吴育刚 欧阳万成 钱信伊 瑞米·海依 尼科·桑托斯 陆思敬 苏慧敏 方展发 谢宛谕 维多利亚·洛克 许优美 郑花如 许静雯 卡尔文·王 陈琼华 刘佳镁 陈美廪 内万·科伊特 阿曼达·埃文斯 彼得·霍奇森 安德斯·塔格 丹尼尔·詹金斯 彼得·卡罗尔 黛博拉·杨 查尔斯·格朗斯 杰西卡·加莱蒂 Swee Huat Teo 罗尼·纪 Isaac Boon Chuon Lee 罗杰·谢克 Lee Zhi Jian Lee Jun Wen 拉塞尔·黄 马尔库斯·莫 杰瑞卡·黎 乔·翁 陈胤希 德尔菲诺润二 Beatrice Chein Tan En Yu Tan En Dong 姬丝·阿奎诺 Lucinda Lew 黄苏珊 Tumurbaatar Enkhtungalag 木下众平 吉娜·格莱尼斯 凯文·关 斯蒂芬妮·欧阳 Leong Chun Chong Ho Yan Xi 兰斯·埃明格 卡兰比尔·亨达尔 斯蒂芬·杰克 纪宝珠,1149,https://movie.douban.com/subject/26786642/,6.2,52363,20059,293,8.2,6.7,7.0
金钱世界,剧情 犯罪 悬疑,2018-03-02(中国大陆),132,雷德利·斯科特,米歇尔·威廉姆斯 克里斯托弗·普卢默 马克·沃尔伯格,米歇尔·威廉姆斯 克里斯托弗·普卢默 马克·沃尔伯格 查理·普拉默 罗曼·杜里斯 蒂莫西·赫顿 斯塔西·马汀 查理·肖特韦尔 安德鲁·巴肯 马克·莱昂纳蒂 朱塞佩·博尼法蒂 尼可拉斯·瓦波里蒂斯 安德里亚·皮耶迪蒙特·博迪尼 古列尔莫·法维拉 尼古拉·迪奇欧 阿黛尔·蒂兰特 亚历山德拉·罗卡 弗兰切斯卡·茵奥迪 丹尼尔·高斯林 乔纳森·阿里斯,1116,https://movie.douban.com/subject/26995719/,7.0,32708,9281,245,8.1,7.5,6.8
惊涛飓浪,爱情 灾难,2018-12-07(中国大陆),96,巴塔萨·科马库,山姆·克拉弗林 谢琳·伍德蕾 杰弗瑞·托马斯,山姆·克拉弗林 谢琳·伍德蕾 杰弗瑞·托马斯 伊丽莎白·霍桑 格蕾丝·帕尔默 塔米·阿什克拉夫特 凯尔·达米拉米安 露娜·坎贝尔 扎克·贝雷斯福德 锡亚莱·吐诺卡,1115,https://movie.douban.com/subject/26937563/,6.8,10460,3152,69,7.4,6.7,6.6
淘气大侦探,喜剧 动画 冒险,2018-07-20(中国大陆),86,约翰·斯蒂文森,詹姆斯·麦卡沃伊 艾米莉·布朗特 约翰尼·德普,詹姆斯·麦卡沃伊 艾米莉·布朗特 约翰尼·德普 切瓦特·埃加福特 玛丽·布莱姬 迈克尔·凯恩 玛吉·史密斯 凯利·阿斯博瑞 德克斯特·弗莱彻 马特·卢卡斯 斯戴芬·莫昌特 奥兹·奥斯朋 罗莎莉·克雷格 詹米·德米特鲁 史蒂夫·汉密尔顿·肖 吴汉章 阿什利·詹森 斯蒂芬·怀特 朱丽·沃特斯 理查德·威尔逊,1041,https://movie.douban.com/subject/26660063/,6.9,2368,967,55,8.5,7.4,5.1
战犬瑞克斯,剧情 传记 战争,2018-05-11(中国大陆),116,加芙列拉·考珀斯维特,凯特·玛拉 汤姆·费尔顿 布莱德利·惠特福德,凯特·玛拉 汤姆·费尔顿 布莱德利·惠特福德 杰拉丁妮·詹姆斯 科曼 埃迪·法可 威尔·帕顿 拉蒙·罗德里格兹 珊农·塔伯特 米格尔·戈麦斯 乔纳森·霍华德 乔治·韦伯斯特 克里·约翰逊 山姆·基利 凯萨琳·戴尔 迈尔斯·穆森登 玛丽娜·马修斯 帕克·索耶,671,https://movie.douban.com/subject/26610786/,6.8,7994,2349,82,8.3,6.8,7.1
爱在记忆消逝前,喜剧 爱情 冒险,2018-02-23(中国大陆),112,保罗·维尔齐,海伦·米伦 唐纳德·萨瑟兰 简·默勒尼,海伦·米伦 唐纳德·萨瑟兰 简·默勒尼 克里斯蒂·米切尔 罗伯特·沃克·布兰乔德 克里斯蒂安·麦凯 约书亚·胡佛 罗伯特·普拉尔戈 约书亚·米克尔,656,https://movie.douban.com/subject/3036465/,8.2,23905,8148,269,9,8.0,6.6
迷镇凶案,喜剧 犯罪 悬疑,2018-01-12(中国大陆),104,乔治·克鲁尼,马特·达蒙 朱丽安·摩尔 奥斯卡·伊萨克,马特·达蒙 朱丽安·摩尔 奥斯卡·伊萨克 诺亚·尤佩 托尼·埃斯皮诺萨 格伦·弗莱施勒 梅根·弗格森 杰克·康利 迈克尔·D·科恩 黛安·德恩 盖里·巴萨拉巴 斯蒂夫·蒙罗埃 阿历克斯·哈赛尔 利斯·M·伯克 克里麦·威斯特博克 霍普·班克斯 罗伯特·皮尔斯 文斯·切法卢 达什·威廉姆斯 加文·怀尔德 兰登·戈登 蒂姆·内夫 马拉·费尔克拉夫 艾米丽·高斯 艾瑞克·奥德,567,https://movie.douban.com/subject/2133433/,6.1,17265,5562,92,7.1,6.5,5.6
克隆人,科幻 犯罪 悬疑,2018-11-23(中国大陆),107,杰弗利·纳赫马诺夫,基努·里维斯 爱丽丝·伊芙 艾米丽·阿琳·林德,基努·里维斯 爱丽丝·伊芙 艾米丽·阿琳·林德 托马斯·米德蒂奇 恩杰伊·安东尼 约翰·奥提兹 尼亚切·海邓迪 艾莉亚·莱蕊克·勒布 艾梅柏·里维拉 艾梅柏·汤森 杰弗里·霍尔斯曼 桑娴·洛格罗诺 奥马尔·克鲁兹·索托 伊万·J·托雷斯·拉桑塔 让·皮埃尔·普拉茨 伊夫林·迪安-奥姆斯特德,532,https://movie.douban.com/subject/26219713/,6.2,6989,2140,74,8.4,6.5,5.4
妈妈咪呀2,喜剧 爱情 歌舞,2018-08-03(中国大陆),114,欧·帕克,莉莉·詹姆斯 阿曼达·塞弗里德 朱丽·沃特斯,莉莉·詹姆斯 阿曼达·塞弗里德 朱丽·沃特斯 克里斯汀·芭伦斯基 皮尔斯·布鲁斯南 斯特兰·斯卡斯加德 科林·费尔斯 多米尼克·库珀 杰瑞米·艾文 亚历克萨·戴维斯 杰西卡·基南·温 乔什·迪伦 休·斯金纳 雪儿 梅丽尔·斯特里普 安迪·加西亚 西莉亚·伊姆里 欧米德·吉亚李利 杰拉德·摩纳科 森尚子 伊川东吾 阿纳斯塔西娅·希尔 苏珊娜·巴克莱德 乔纳森·戈德史密斯 凯西·克莱尔 班尼·安德森 戴尔·布兰斯顿 亚历珊德拉·福特,415,https://movie.douban.com/subject/27050259/,7.1,16889,6267,104,8.8,7.0,6.8
神探狗笨吉,剧情,2018-12-28(中国大陆),85,布兰登·坎普,加布里埃尔·贝特曼 达比·坎普 基拉·桑切斯,加布里埃尔·贝特曼 达比·坎普 基拉·桑切斯 格拉伦·布莱恩特·班克斯 威尔·罗斯海尔 安格斯·桑普森 杰罗德·海恩斯 莱西·坎普 吉姆·格里森 布雷迪·佩蒙特 汤姆·普罗克特,388,https://movie.douban.com/subject/26895438/,6.8,1833,711,14,9.1,,6.4
无敌原始人,喜剧 动画 冒险,2018-10-19(中国大陆),89,尼克·帕克,汤姆·希德勒斯顿 埃迪·雷德梅恩 麦茜·威廉姆斯,汤姆·希德勒斯顿 埃迪·雷德梅恩 麦茜·威廉姆斯 蒂莫西·斯波 理查德·艾欧阿德 马克·威廉姆斯 尼克·帕克 米瑞安·玛格莱斯 罗伯·布莱顿 约翰尼·维加斯 凯万·诺瓦克 瑟莉娜·格里菲斯 西蒙·格林诺 吉娜·亚谢尔 卢克·沃尔顿 凯文·马塔迪恩 理查德·韦伯,360,https://movie.douban.com/subject/26384292/,6.2,4479,1328,24,7.9,6.7,6.1
爱猫之城,纪录片,2018-09-22(中国大陆),79,杰达·托伦,布朗特·乌斯塔曼 本古 德尼兹,布朗特·乌斯塔曼 本古 德尼兹 杜曼 无忧 小狮子 疯子 橘猫,282,https://movie.douban.com/subject/26806099/,8.4,16223,6163,86,8.4,7.6,7.7
绝命时钟2:22,爱情 惊悚,2018-01-26(中国大陆),98,保罗·柯瑞,泰莉莎·帕尔墨 米契尔·哈思曼 萨姆·里德,泰莉莎·帕尔墨 米契尔·哈思曼 萨姆·里德 梅芙·德莫迪 约翰·沃特斯 瑞米·海依 西蒙娜·凯塞尔 凯瑞·阿姆斯特朗 凯蒂·麦康奈尔 杰西卡·克拉克 玛丽莎·拉蒙尼卡 理查德·戴维斯 扎拉·迈克尔斯 安吉·特里克 卡玛·莎伦 米切尔·巴特尔,226,https://movie.douban.com/subject/2338070/,5.8,5225,1698,40,7.8,,5.8
第一夫人,剧情 传记 历史,2018-01-19(中国大陆),100,帕布罗·拉雷恩,娜塔莉·波特曼 彼得·萨斯加德 格蕾塔·葛韦格,娜塔莉·波特曼 彼得·萨斯加德 格蕾塔·葛韦格 比利·克鲁德普 约翰·赫特 理查德·E·格兰特 卡斯珀·菲利普森 贝丝·格兰特 约翰·卡洛·林奇 马克斯·凯塞拉 萨拉·维哈根 海伦·库恩 黛博拉·芬德莱 克里·约翰逊 艾登·奥黑尔,213,https://movie.douban.com/subject/4849728/,6.6,23898,7682,181,7.9,7.2,6.7
超大号美人,喜剧,2018-08-28(中国大陆),110,艾比·科恩 马克·西尔弗斯坦,艾米·舒默 米歇尔·威廉姆斯 汤姆·霍珀,艾米·舒默 米歇尔·威廉姆斯 汤姆·霍珀 罗里·斯卡沃 阿德里安·马丁斯 艾米丽·拉塔科斯基 艾迪·布莱恩特 贝茜·菲利普斯 劳伦·赫顿 萨西尔·扎玛塔 安吉拉·戴维斯 卡罗琳·戴 安娜斯塔吉亚·彼埃尔·弗里尔 吉娅 克罗瓦丁 奥莉维亚·库尔普 娜奥米·坎贝尔 杰弗里·格罗弗,148,https://movie.douban.com/subject/27021609/,6.3,6897,2420,65,8.1,6.6,5.4
夺命来电,科幻 惊悚 恐怖,2018-04-13(中国大陆),98,托德·威廉姆斯,塞缪尔·杰克逊 约翰·库萨克 伊莎贝拉·弗尔曼,塞缪尔·杰克逊 约翰·库萨克 伊莎贝拉·弗尔曼 斯泰西·基齐 洛伊德·考夫曼 约书亚·米克尔 格里芬·弗里曼 维布尔·弗利茨杰拉德 雷·埃尔南德斯 E·罗杰·米切尔 凯萨琳·戴尔 迈克尔·比斯利 亚历克斯·特·艾佛斯,122,https://movie.douban.com/subject/1892134/,4.5,4272,1361,26,6.7,5.7,4.3
凤凰城遗忘录,科幻 悬疑 恐怖,2018-06-22(中国大陆),87,贾斯廷 巴伯,Florence Hartigan Luke Spencer Roberts 切尔西·洛佩兹,Florence Hartigan Luke Spencer Roberts 切尔西·洛佩兹 Justin Matthews Clint Jordan Cyd Strittmatter 雅尼娜·杰克逊 马特·比德尔 安娜·德拉·克鲁兹 麦肯齐·菲尔根斯 Jay Pirouznia Marc Marron Don Boyd,75,https://movie.douban.com/subject/26990268/,5.9,1320,435,9,6.4,5.6,5.2
流浪猫鲍勃,剧情 喜剧 传记,2018-11-02(中国大陆),103,罗杰·斯波蒂斯伍德,卢克·崔德威 猫鲍勃 露塔·格德米纳斯,卢克·崔德威 猫鲍勃 露塔·格德米纳斯 琼安·弗洛加特 安东尼·海德 戴伦·伊万斯 里维拉·吉迪恩 洛琳·艾什本 阿卡巴尔·库尔塔 约翰·亨肖 贝丝·戈达德 伊万娜·贝斯克 妮娜·瓦迪娅 罗茜·伊德 鲁斯·西恩 卡罗琳·古多尔 雅各布·詹姆斯·贝西克 罗伯·贾维斯 丹尼尔·弗恩 詹姆斯·鲍恩 李·尼古拉斯·哈里斯 丹尼尔·斯蒂森,5298,https://movie.douban.com/subject/26685451/,8.0,94712,31264,430,8.8,7.6,7.4
我的冤家是条狗,喜剧 家庭,2018-11-09(中国大陆),95,曼迪·弗莱彻,比蒂·埃德蒙森 艾德·斯克林 米兰卡·布鲁克斯,比蒂·埃德蒙森 艾德·斯克林 米兰卡·布鲁克斯 杰玛·琼斯 切瑞·朗吉 艾米丽·阿塔克 彼得·戴维森 艾米莉亚·琼斯 珍妮弗·桑德斯 阿德里安·斯卡伯勒 伯纳德·克理宾斯,232,https://movie.douban.com/subject/30143861/,6.4,6089,1864,54,8.4,6.6,5.8
铁甲战神,动作 战争 科幻,2018-11-30(中国大陆),87,乔·米亚,李·佩斯 贝纳尼丝·玛尔洛 艾米·路易斯·威尔逊,李·佩斯 贝纳尼丝·玛尔洛 艾米·路易斯·威尔逊 杰森·弗莱明 思布莱丽·吉思莱塔那 肯尼思·霍 汤姆·费尔富特 艾伦·桑蒂尼 万迪莱·莫尔巴西 塞科蒂·SK·塔巴内 Leroy Gopal Welile Nzunza Patrick Bakoba Ben Tjibe Chantal Herman Barileng Malebye,16,https://movie.douban.com/subject/25891853/,4.1,1070,309,12,,5.4,5.2
第七个小矮人,喜剧 动画 冒险,2018-06-16(中国大陆),88,Boris Aljinovic 哈莱德·西博门,Otto Waalkes Mirco Nontschew Boris Aljinovic,Otto Waalkes Mirco Nontschew Boris Aljinovic 拉尔夫·施密茨 古斯塔夫·彼得·沃勒 Martin Schneider 诺波特·海斯塔卡姆 Nina Hagen Christian Brückner Sascha Grammel Mirko Bogojevic Leonhard Mahlich Mia Diekow Henning Nöhren 科斯马·席瓦·哈根,2549,https://movie.douban.com/subject/25971649/,5.8,678,297,7,8.5,,4.6
玛雅蜜蜂历险记,儿童 喜剧 动画,2018-10-12(中国大陆),78,亚力克斯·施塔德曼,柯蒂·斯密特-麦菲 诺亚·泰勒 理查德·劳斯伯格,柯蒂·斯密特-麦菲 诺亚·泰勒 理查德·劳斯伯格 米瑞安·玛格莱斯 可可·杰克·吉利斯 贾丝婷·克拉克 安迪·麦克菲 科斯马·席瓦·哈根 杰基·韦佛 Heather Mitchell David Collins Nina Hagen Shane Dundas Eva-Maria Hagen Constantin von Jascheroff Bodo Wolf 亚力克斯·施塔德曼 芬·埃德基  圣地亚哥·齐斯默 Till C. Hagen 阿克塞尔·勒特 Cam Ralph Jan Delay,690,https://movie.douban.com/subject/25881500/,6.3,355,115,4,8.8,6.5,5.9
的士速递5,喜剧 动作 犯罪,2018-08-03(中国大陆),100,弗兰克·盖思堂彼得,弗兰克·盖思堂彼得 马利克·班泽拉 伯纳尔·法西,弗兰克·盖思堂彼得 马利克·班泽拉 伯纳尔·法西 塞尔维托·埃斯波西多 萨巴纳·奥扎尼 爱德华·蒙多特 朗齐·贝迪亚 茂萨·马斯克里 夏洛特·加布里斯,3121,https://movie.douban.com/subject/27615564/,5.4,17701,4944,76,7.3,6.4,4.7
青年马克思,剧情 传记 历史,2018-05-05(中国大陆),118,哈乌·佩克,奥古斯特·迪赫 史特凡·柯纳斯克 薇姬·克里普斯,奥古斯特·迪赫 史特凡·柯纳斯克 薇姬·克里普斯 奥利维埃·古尔梅 汉娜·斯蒂尔 亚历山大·吉尔 汉斯-尤韦·鲍尔 迈克尔·布兰德纳 伊凡·弗拉内克 彼得·本尼迪克 玛丽·梅曾巴克 尼尔斯-布鲁诺·施密特 乌尔里奇·布兰德霍夫 艾力克·高敦 斯蒂芬·霍根 罗夫·凯尼斯 丹尼斯·莱昂斯 赫鲁晓夫,2078,https://movie.douban.com/subject/5330387/,6.6,5613,2071,122,8.4,6.0,6.6
大坏狐狸的故事,喜剧 动画 冒险,2018-03-16(中国大陆),83,本杰明·雷内 帕特里克·英伯特,纪尧姆·达尔诺 席琳·荣特 达米安·维特卡,纪尧姆·达尔诺 席琳·荣特 达米安·维特卡 安托万·苏姆斯基 卡梅尔·阿卜德萨多克 克里斯多夫·勒莫因 纪尧姆·布谢德 鲍里斯·雷林格 玛佳丽·罗森茨威格 让·卢·霍维茨 伊夫·阎,1609,https://movie.douban.com/subject/27042405/,8.3,36496,13726,180,8.3,7.5,7.4
亡命救赎,动作 犯罪,2018-11-30(中国大陆),88,让-弗朗索瓦·雷切,梅尔·吉布森 艾琳·莫里亚蒂 迭戈·卢纳,梅尔·吉布森 艾琳·莫里亚蒂 迭戈·卢纳 迈克尔·帕克斯 威廉姆·H·梅西 米盖尔·桑多瓦尔 戴尔·迪奇 理查德·卡夫拉尔 丹尼尔·蒙卡达 瑞恩·多尔西 劳尔·特鲁希洛 琼安·坎普 托马斯·曼 泰特·弗莱彻 卢斯·雷恩斯 梅丽萨洛艾莉丝,1422,https://movie.douban.com/subject/25909389/,5.8,5610,1756,142,8.1,6.4,6.4
虎皮萌企鹅,动画,2018-03-16(中国大陆),97,大卫阿拉克斯,菲利普·波佐 劳伦·默度 帕斯卡尔·卡萨诺瓦,菲利普·波佐 劳伦·默度 帕斯卡尔·卡萨诺瓦 席琳·蒙萨哈 Emmanuel Curtil 保罗·鲍恩 玛丽-克莉丝汀·达哈 弗朗兹·康菲艾克 艾朗·多瓦尔 Richard Darbois 米歇尔·梅拉 让-菲利普·皮马赫丹 芭芭拉·蒂西耶 亚历克斯·托马逊 奥利弗·科迪纳,868,https://movie.douban.com/subject/27076492/,5.9,1893,773,55,8.4,6.8,5.1
帝企鹅日记2：召唤,纪录片,2018-10-12(中国大陆),85,吕克·雅盖,朗贝尔·维尔森 托马斯·阿克达 摩根·弗里曼,朗贝尔·维尔森 托马斯·阿克达 摩根·弗里曼 苏菲·格拉宝 罗夫·拉斯加德 皮弗 丹尼斯·史托霍伊,540,https://movie.douban.com/subject/26794854/,7.3,2053,816,20,8.5,7.2,6.5
飞鸟历险记,喜剧 动画 冒险,2018-03-08(中国大陆),91,克里斯蒂安·德·维塔,亚瑟·杜彭 莎拉·弗里斯蒂 布鲁诺·萨拉曼,亚瑟·杜彭 莎拉·弗里斯蒂 布鲁诺·萨拉曼 皮埃尔·里夏尔 伊莎贝拉·雷纳德 娜塔莉·布伏 克里斯汀·芭伦斯基 伊薇特·尼科尔·布朗 布拉迪·科贝特 达科塔·范宁 丹尼·格洛弗 扎克瑞·戈登 埃利奥特·古尔德 赛斯·格林 理查德·坎德,131,https://movie.douban.com/subject/25899334/,5.9,588,166,16,8.3,7.4,5.5
哆啦A梦：大雄的金银岛,动画 奇幻 冒险,2018-06-01(中国大陆),109,今井一晓,水田山葵 大原惠美 嘉数由美,水田山葵 大原惠美 嘉数由美 木村昴 关智一 高桥茂雄 长泽雅美 大泉洋 山下大辉 折笠富美子 大友龙三郎 早见沙织 悠木碧 三石琴乃 松本保典,20928,https://movie.douban.com/subject/27069070/,6.5,27471,9669,264,8.2,,6.7
龙猫,动画 奇幻 冒险,2018-12-14(中国大陆),86,宫崎骏,日高法子 坂本千夏 糸井重里,日高法子 坂本千夏 糸井重里 岛本须美 北林谷荣 高木均 雨笠利幸 丸山裕子 广濑正志 鹫尾真知子 铃木玲子 千叶繁 龙田直树 鳕子 西村朋纮 石田光子 神代知衣 中村大树 水谷优子 平松晶子 大谷育江,17315,https://movie.douban.com/subject/1291560/,9.2,649548,120297,1790,9.2,8.7,8.2
名侦探柯南：零的执行人,动画 悬疑,2018-11-09(中国大陆),110,立川让,高山南 山口胜平 山崎和佳奈,高山南 山口胜平 山崎和佳奈 小山力也 绪方贤一 林原惠美 古谷彻 置鲇龙太郎,12737,https://movie.douban.com/subject/27110363/,5.7,68326,25367,371,8.4,6.7,6.1
小偷家族,剧情 犯罪 家庭,2018-08-03(中国大陆),117,是枝裕和,中川雅也 安藤樱 松冈茉优,中川雅也 安藤樱 松冈茉优 城桧吏 佐佐木美结 树木希林 绪形直人 池松壮亮 森口瑶子 山田裕贵 片山萌美 柄本明 高良健吾 池胁千鹤,9675,https://movie.douban.com/subject/27622447/,8.7,249443,81596,2793,8,8.7,8.1
镰仓物语,剧情 奇幻,2018-09-14(中国大陆),129,山崎贵,堺雅人 高畑充希 堤真一,堺雅人 高畑充希 堤真一 安藤樱 田中泯 中村玉绪 市川实日子 室毅 要润 大仓孝二 神户浩 国村隼 古田新太 鹤田真由 药师丸博子 吉行和子 桥爪功 三浦友和,4851,https://movie.douban.com/subject/26916229/,6.9,85270,31514,527,8.4,7.0,7.0
浪矢解忧杂货店,剧情 奇幻,2018-02-02(中国大陆),129,广木隆一,山田凉介 村上虹郎 宽一郎,山田凉介 村上虹郎 宽一郎 成海璃子 门胁麦 林遣都 铃木梨央 山下莉绪 手塚通 中村治雄 萩原圣人 小林薰 吉行和子 尾野真千子 西田敏行,2876,https://movie.douban.com/subject/26742730/,7.2,52804,15815,413,8.4,7.0,6.8
玛丽与魔女之花,动画 奇幻 冒险,2018-04-28(中国大陆),102,米林宏昌,杉咲花 神木隆之介 天海祐希,杉咲花 神木隆之介 天海祐希 小日向文世 满岛光 佐藤二朗 远藤宪一 渡边绘里 大竹忍,2062,https://movie.douban.com/subject/26935777/,6.3,16888,6102,107,8.2,6.8,6.8
恋爱回旋,喜剧 运动,2018-03-09(中国大陆),119,石川淳一,新垣结衣 瑛太 广末凉子,新垣结衣 瑛太 广末凉子 苍井优 濑户康史 永野芽郁 山口纱弥加 佐野勇斗 远藤宪一 森崎博之 吉田钢太郎 久间田琳加 生濑胜久 铃木福 谷花音 真木阳子 小日向文世 中村安奈 水谷隼 石川佳纯 伊藤美诚 木造勇人 吉村真晴 浜本由惟,1854,https://movie.douban.com/subject/26972275/,7.0,62430,22985,378,8.7,7.1,6.6
昼颜,剧情 爱情,2018-05-18(中国大陆),125,西谷弘,上户彩 斋藤工 伊藤步,上户彩 斋藤工 伊藤步 平山浩行 黑泽明日香 萩原实里 志贺广太郎 三浦诚己 涩川清彦 松居大悟 中村育二,1434,https://movie.douban.com/subject/26877106/,6.4,52460,19685,628,8.1,6.8,6.0
生存家族,喜剧 家庭,2018-06-22(中国大陆),117,矢口史靖,小日向文世 深津绘里 泉泽祐希,小日向文世 深津绘里 泉泽祐希 葵若菜 时任三郎 藤原纪香 大野拓朗 志尊淳 渡边绘里 宅麻伸 柄本明 大地康雄 松浦雅,1141,https://movie.douban.com/subject/26815162/,8.1,64229,21087,618,8.5,7.9,7.2
第三度嫌疑人,剧情 犯罪 悬疑,2018-03-30(中国大陆),124,是枝裕和,福山雅治 役所广司 广濑铃,福山雅治 役所广司 广濑铃 满岛真之介 市川实日子 松冈依都美 桥爪功 齐藤由贵 吉田钢太郎 莳田彩珠,452,https://movie.douban.com/subject/26952153/,7.1,25599,9169,382,7.7,7.3,6.7
念念手纪,剧情 爱情,2018-09-14(中国大陆),116,月川翔,滨边美波 北村匠海 北川景子,滨边美波 北村匠海 北川景子 小栗旬 大友花恋 矢本悠马 樱田通 森下大地 上地雄辅 长野里美 中田圭祐,447,https://movie.douban.com/subject/26869119/,6.7,14485,5690,164,8.6,7.1,7.2
跨越8年的新娘,剧情 爱情,2018-10-19(中国大陆),119,濑濑敬久,佐藤健 土屋太凤 北村一辉,佐藤健 土屋太凤 北村一辉 浜野谦太 中村友理 堀部圭亮 古馆宽治 杉本哲太 药师丸博子,312,https://movie.douban.com/subject/26929835/,6.9,5764,2441,59,8.7,7.1,7.1
哥斯拉：怪兽行星,动作 科幻 动画,2018-09-21(中国大陆),89,静野孔文 濑下宽之,梶裕贵 诹访部顺一 花泽香菜,梶裕贵 诹访部顺一 花泽香菜 樱井孝宏 杉田智和 小野大辅 中井和哉 堀内贤雄 三宅健太 山路和弘 宫野真守,162,https://movie.douban.com/subject/26858594/,6.2,5874,1708,43,7.8,6.2,6.0
狗狗的疯狂假期,喜剧 动画 冒险,2018-02-02(中国大陆),90,阿尔贝托·罗德里格 纳乔·拉·卡萨,吉列尔莫·罗梅罗 丹尼·罗维拉 何塞·莫塔,吉列尔莫·罗梅罗 丹尼·罗维拉 何塞·莫塔 米歇尔·珍娜 卡洛斯·阿雷塞斯 费尔南多·特赫罗 胡安·费尔南德斯 埃尔莎·帕塔奇 巴勃罗·埃斯皮诺萨 大卫·赫尔曼 罗伯特·冈萨雷斯 马里奥·马丁·塞拉诺 加布里埃尔·吉梅内斯 何塞·路易斯·加西亚·佩雷斯 马诺洛·拉玛 马蒂亚斯·普拉茨 本杰明·内森·塞里奥 吉米·肖,1060,https://movie.douban.com/subject/26909507/,6.1,907,308,12,8.4,7.1,5.3
萌犬好声音,喜剧 冒险 音乐,2018-03-24(中国大陆),92,罗伯特·文斯,麦肯泽·摩斯 凯特林·马希尔 杰德·瑞斯,麦肯泽·摩斯 凯特林·马希尔 杰德·瑞斯 汤姆·艾弗瑞特·斯科特 大卫·德路易斯 卡拉·吉门内斯 乔治·纽伯恩 约翰·拉岑贝格 奥巴·巴巴图德 戴德里克·巴德 妮基·布朗斯凯 隆巴多·博伊尔 克里斯·科波拉,980,https://movie.douban.com/subject/26846031/,5.6,1405,517,12,8.1,5.9,4.7
完美陌生人,剧情 喜剧,2018-05-25(中国大陆),97,保罗·格诺维塞,马可·贾利尼 卡夏·斯穆特尼亚克 爱德华多·莱奥,马可·贾利尼 卡夏·斯穆特尼亚克 爱德华多·莱奥 阿尔巴·罗尔瓦赫尔 瓦莱里奥·马斯坦德雷亚 安娜·福列塔 朱塞佩·巴蒂斯通,5352,https://movie.douban.com/subject/26614893/,8.5,298920,94766,2358,8.5,8.0,7.8
我的宠物恐龙,动作 冒险 家庭,2018-05-31(中国大陆),96,马特·德鲁蒙德,乔丹·杜力乌 Annabel Wolfe Scott Irwin,乔丹·杜力乌 Annabel Wolfe Scott Irwin Beth Champion Rowland Holmes Christopher Gabardi Harrison Saunders Tom Rooney Sam Winspear-Schillings Jack Mars Darius Williams Tiriel Mora 斯蒂芬·戴维斯 琼妮·萨缪尔 大卫·罗伯茨,864,https://movie.douban.com/subject/27043980/,4.2,1237,281,10,7.6,,4.0
神秘巨星,剧情 音乐,2018-01-19(中国大陆),150,阿德瓦·香登,塞伊拉·沃西 梅·维贾 阿米尔·汗,塞伊拉·沃西 梅·维贾 阿米尔·汗 拉杰·阿晶 提斯·沙马 卡比尔·谢赫 法如克·贾法尔 马努杰·沙玛 莫娜·安伯加卡尔 尼基塔·阿南德 尚 莫纳利·塔库尔,74707,https://movie.douban.com/subject/26942674/,7.7,279894,91662,3944,9.3,7.7,8.0
小萝莉的猴神大叔,剧情 喜剧 动作,2018-03-02(中国大陆),159,卡比尔·汗,萨尔曼·汗 哈莎莉·马洛特拉 卡琳娜·卡普尔,萨尔曼·汗 哈莎莉·马洛特拉 卡琳娜·卡普尔 纳瓦祖丁·席迪圭 欧姆·普瑞 梅·维贾 席尔帕.舒克拉 拉什·沙玛 沙拉蒂·瑟斯纳 阿图·斯里瓦斯塔瓦 阿德南·萨米 马诺·巴克什,28559,https://movie.douban.com/subject/26393561/,8.5,234688,70363,1994,9.5,8.1,8.0
起跑线,剧情 喜剧,2018-04-04(中国大陆),132,萨基特·乔杜里,伊尔凡·可汗 萨巴·卡玛尔 内哈·迪胡皮阿,伊尔凡·可汗 萨巴·卡玛尔 内哈·迪胡皮阿 迪帕克·迪布里亚尔 蒂希塔·塞加尔 阿莫瑞塔·金格 蒂洛塔玛·索姆 桑贾娜·桑吉 拉什·沙玛 桑贾伊·萨里 玛丽卡·杜阿 基兰·寇杰 丹尼·苏拉 斯沃蒂·达斯 苏米特·古拉蒂,21039,https://movie.douban.com/subject/26942631/,7.9,110017,32360,1302,9,7.7,7.8
嗝嗝老师,剧情 喜剧,2018-10-12(中国大陆),120,西达夫·马贺拉,拉妮·玛克赫吉 内拉吉·卡比 萨钦,拉妮·玛克赫吉 内拉吉·卡比 萨钦 苏普丽雅·皮尔加卡尔 罗特·萨拉夫 维克拉姆·戈克哈尔 雷伊·舒克拉 阿西夫·巴斯拉 加纳特·拉玛妮 侯赛因·达拉尔 伊万·罗德里格斯 坤纳·斯内德 哈许‧梅尔 什库马尔·苏布拉马尼亚姆,14940,https://movie.douban.com/subject/30140571/,7.5,44655,13036,433,9.3,7.9,7.5
厕所英雄,剧情 喜剧,2018-06-08(中国大陆),155,什里·那拉扬·辛,阿克谢·库玛尔 阿努潘·凯尔 布米·佩德卡尔,阿克谢·库玛尔 阿努潘·凯尔 布米·佩德卡尔 拉什·沙玛 萨钦·克德卡 莎娜·可汗 迪韦严杜·沙玛,9461,https://movie.douban.com/subject/26942645/,7.1,55131,17739,534,8.4,7.2,7.3
巴霍巴利王2：终结,剧情 动作 奇幻,2018-05-04(中国大陆),167,S·S·拉贾穆里,帕拉巴斯 拉纳·达格巴提 安努舒卡·谢蒂,帕拉巴斯 拉纳·达格巴提 安努舒卡·谢蒂 特曼娜·芭蒂亚 萨伯拉杰 拉姆亚·克里希南 纳赛尔 挲塞亚拉杰,7684,https://movie.douban.com/subject/26420932/,7.1,28959,10659,372,8.8,7.2,8.3
印度合伙人,剧情 喜剧 传记,2018-12-14(中国大陆),140,R·巴尔基,阿克谢·库玛尔 拉迪卡·艾普特 索娜姆·卡普尔,阿克谢·库玛尔 拉迪卡·艾普特 索娜姆·卡普尔 乔蒂·苏巴 森尔·辛 阿米达普·巴强 雷·拉维,6755,https://movie.douban.com/subject/27198855/,7.6,48836,15936,479,9.2,7.6,8.0
印度暴徒,喜剧 动作 冒险,2018-12-28(中国大陆),164,维贾伊·克利须那·阿查里雅,阿米尔·汗 卡特莉娜·卡芙 阿米达普·巴强,阿米尔·汗 卡特莉娜·卡芙 阿米达普·巴强 劳埃德·欧文 阿明·阿卜杜勒·奎德 法缇玛·萨那·纱卡 洛尼特·罗伊 杰奇·史洛夫 谢恩·约翰·克鲁格 巴拉特·巴蒂 曼吉特·辛格 乔·阿泽帕迪 穆罕默德·齐尚·艾布 瑟仁德·帕尔 沙棘·乔杜里 罗曼·扬科维奇,6186,https://movie.douban.com/subject/27019982/,5.9,16393,5926,222,8.1,6.2,3.9
苏丹,剧情 运动,2018-08-31(中国大陆),170,阿里·阿巴斯·札法,萨尔曼·汗 安努舒卡·莎玛 马雷塞·克伦普,萨尔曼·汗 安努舒卡·莎玛 马雷塞·克伦普 泰伦·伍德利 罗恩·斯穆安伯格 马克·扎罗 兰迪普·弘达 阿米特·萨特 卡比尔·汗 汉斯·马雷罗 布拉汉姆·艾克巴赫 库玛·米什拉 库布拉·萨特 帕里卡沙特.萨赫尼 希巴妮·丹德卡尔 法如克·贾法尔,3614,https://movie.douban.com/subject/26728641/,6.9,10583,3588,100,9.2,6.8,7.1
老爸102岁,剧情 喜剧,2018-11-30(中国大陆),102,奥米史·舒克拉,阿米达普·巴强 里希·卡普尔 吉米特·特里韦迪,阿米达普·巴强 里希·卡普尔 吉米特·特里韦迪 达尔曼德拉·吉尔,3023,https://movie.douban.com/subject/30183666/,7.3,11444,4083,223,8.7,7.6,7.5
奇怪的袜子精灵,动画 奇幻 冒险,2018-08-24(中国大陆),86,加林娜·米克林诺瓦,克里斯托弗·哈德克 Jan Maxián David Novotný,克里斯托弗·哈德克 Jan Maxián David Novotný 翁德雷·特罗扬 马瑞克·塔西里克 塔蒂亚娜·维尔赫莫娃 约瑟夫·索姆尔 Ales Najbrt Matej Ruppert Václav Koubek Stanislav Zindulka 吉里·哈夫尔卡 雅各布·扎塞克 Zuzana Stivínová,108,https://movie.douban.com/subject/26906870/,6.7,210,82,23,8.5,6.6,5.9
七袋米,剧情 儿童 家庭,2018-08-24(中国大陆),103,Maricel Cariaga,阿诺德雷·耶斯 苏·普拉多 米科·劳伦特,阿诺德雷·耶斯 苏·普拉多 米科·劳伦特 米尔·埃斯皮诺萨 阿方索·伊尼戈·德伦,None,https://movie.douban.com/subject/26881698/,,0,7,0,,0.0,0
追鹰日记,剧情 冒险,2018-10-26(中国大陆),97,杰拉多·奥利瓦雷斯 奥特马尔·朋克,让·雷诺 曼纽尔·卡马乔 托比亚斯·莫雷蒂,让·雷诺 曼纽尔·卡马乔 托比亚斯·莫雷蒂 伊娃·坤,175,https://movie.douban.com/subject/25867012/,7.4,1887,718,82,9.1,7.5,6.8
花滑女王,剧情 爱情 运动,2018-03-30(中国大陆),113,奥列格·特罗费姆,阿格拉娅·塔拉索娃 亚历山大·佩特罗夫 米洛斯·比柯维奇,阿格拉娅·塔拉索娃 亚历山大·佩特罗夫 米洛斯·比柯维奇 玛丽亚·阿龙诺娃 瑟妮娅·拉芙洛娃-格林卡 彦·萨普尼克 克谢尼娅·拉波波尔特 维伦·巴比切夫 帕维尔·迈科夫 伊琳娜·斯达申鲍姆,1717,https://movie.douban.com/subject/27196380/,6.9,13295,4860,180,8.6,7.2,7.1
太空救援,动作 冒险,2018-01-12(中国大陆),111,克利姆·希片科,弗拉季米尔·弗多维琴科夫 帕维尔·杰列维扬科 柳波芙·阿克肖诺娃,弗拉季米尔·弗多维琴科夫 帕维尔·杰列维扬科 柳波芙·阿克肖诺娃 欧克萨娜·范德拉 玛丽亚·米罗诺娃 伊戈尔·乌戈尔尼科夫 亚历山大·萨莫伊连科 亚历山大·拉特尼科夫 维塔利·哈耶夫,1686,https://movie.douban.com/subject/27073291/,7.7,41326,10679,243,8.3,7.4,7.2
最后一球,剧情 运动,2018-06-29(中国大陆),137,丹尼拉·科兹洛夫斯基,丹尼拉·科兹洛夫斯基 伊琳娜·戈尔巴乔娃 安德烈·斯莫利亚科夫,丹尼拉·科兹洛夫斯基 伊琳娜·戈尔巴乔娃 安德烈·斯莫利亚科夫 奥莉亚·祖耶娃 弗拉基米尔·伊利因 维伦·巴比切夫 维克多·维尔比斯基 维塔利亚·安德烈夫,609,https://movie.douban.com/subject/27202825/,7.5,5141,1694,90,8.9,7.6,6.4
莫斯科陷落,剧情 科幻,2018-02-02(中国大陆),132,费奥多尔·邦达尔丘克,伊琳娜·斯达申鲍姆 亚历山大·佩特罗夫 林奈·穆罕默托夫,伊琳娜·斯达申鲍姆 亚历山大·佩特罗夫 林奈·穆罕默托夫 欧列格·缅希科夫 谢尔盖·加尔马什 尼基塔·库库什金 柳德米拉·马克萨科娃 尼基塔·塔拉索夫,238,https://movie.douban.com/subject/26796845/,4.8,8842,2949,101,8,6.3,5.5
最萌警探,喜剧 动作 冒险,2018-12-14(中国大陆),95,亚历山大·安德里尤先科,谢尔盖·加尔马什 安德烈·纳兹莫夫  莉莎·阿尔扎马索娃,莉莎·阿尔扎马索娃 谢尔盖·加尔马什 杨歌 瑟妮娅·拉芙洛娃-格林卡 安德烈·纳兹莫夫  亚历山大·佩特罗夫 彦·萨普尼克,21,https://movie.douban.com/subject/30387535/,4.9,874,307,0,,,4.6
暹罗决：九神战甲,动作 动画 奇幻,2018-06-29(中国大陆),104,彭萨·康斯里 甘·方苏旺 纳·约斯瓦塔纳蒙,卡诺查·曼雅德昂 萨维提·苏提查农 Sirichai Charoenkijtanakul,卡诺查·曼雅德昂 萨维提·苏提查农 Sirichai Charoenkijtanakul 拉齐布·亚姆森 沃拉里·范伽罗马 Nimit Luksameepong Dhamakara Jakraworawut Konthorn Taecholarn Sansern Pokesombat Suwandee Jakravoravudh Suporn Decharin Sa-Ard Piempongsan Sapunsin Sirichai Watthanachai Treedecha Picrate Dolrasee,253,https://movie.douban.com/subject/27667334/,6.7,2353,960,51,8.6,7.0,8.0
李宗伟：败者为王,剧情 传记 运动,2018-09-07(中国大陆),110,马逸腾,李国煌 杨雁雁 拿督·罗斯彦·诺,李国煌 杨雁雁 拿督·罗斯彦·诺 黄炜杰 曾冠源 李宗伟 阿什利·华,662,https://movie.douban.com/subject/27195119/,6.9,5487,1788,85,9.1,6.8,7.3
神奇马戏团之动物饼干,喜剧 动画 奇幻,2018-07-21(中国大陆),94,托尼·班克罗夫特 斯科特·克里斯汀·萨瓦,艾米莉·布朗特 约翰·卡拉辛斯基 伊恩·麦克莱恩,艾米莉·布朗特 约翰·卡拉辛斯基 伊恩·麦克莱恩 西尔维斯特·史泰龙 丹尼·德维托 雷文-西蒙尼 帕特里克·沃伯顿 塔拉·斯特朗 吉尔伯特·戈特弗雷德 詹姆斯·阿诺德·泰勒 凯文·格雷维奥斯 哈维·费斯特恩 凯莉·库柯,6488,https://movie.douban.com/subject/26253783/,5.6,3034,1221,79,8.4,6.6,5.7
冰封侠：时空行者,动作 奇幻,2018-11-02(中国大陆),87,叶伟民,甄子丹 黄圣依 王宝强,甄子丹 黄圣依 王宝强 任达华 喻亢 江疏影 仓田保昭 鲍起静 林雪 庄思敏 胡明 吴俊余 王文绮,3449,https://movie.douban.com/subject/25300674/,2.6,7122,2794,122,3.9,5.4,3.8
藏北秘岭-重返无人区,纪录片,2018-08-31(中国大陆),86,饶子君,蔡宇 饶子君 土旦巴桑,蔡宇 饶子君 土旦巴桑 次仁顿珠 李祥龙,2058,https://movie.douban.com/subject/30208007/,5.7,3531,1599,119,8.2,,5.2
阴阳眼之瞳灵公馆,惊悚 恐怖,2018-11-02(中国大陆),85,张明伟,苑琼丹 景岗山 文熙,苑琼丹 景岗山 文熙 胡蓉蓉 王海祥 徐冬梅 荆民强 柳禹安 叶子清 王大磊,None,https://movie.douban.com/subject/30346859/,,0,50,4,,,
曹操与杨修,戏曲,2018-08-30(中国大陆),121,滕俊杰,尚长荣 言兴朋,尚长荣 言兴朋,124,https://movie.douban.com/subject/30238932/,8.5,481,182,19,,,
柳毅奇缘,爱情 戏曲,2018-01-30(中国大陆),112,邓原 潘钧,丁凡 曾小敏 王燕飞,丁凡 曾小敏 王燕飞 黄伟香 冼鉴棠,36,https://movie.douban.com/subject/27186593/,,0,14,0,,0.0,
寻找女神@娇阿依,爱情 悬疑,2018-05-11(中国大陆),101,赵章翔,黄成麟 南笙 修庆,黄成麟 南笙 修庆 彭波,15,https://movie.douban.com/subject/26720366/,,0,47,1,,0.0,
大烟炮！一千八！,剧情,2018-12-04(中国大陆),92,于兰 江涛,于兰 赵滨 樊蕊,于兰 赵滨 樊蕊,8,https://movie.douban.com/subject/26870262/,,0,27,3,,,
“醉”佳导演,剧情,2018-01-05(中国大陆),89,武圣基,贺军翔 江若琳 刘宇,贺军翔 江若琳 刘宇 姚橹 梁天 王子,4,https://movie.douban.com/subject/27082927/,,0,51,7,,,
有五个姐姐的我就注定要单身了啊！！,喜剧 爱情,2018-11-16(中国大陆),97,苏文圣,蔡凡熙 项婕如 谢金燕,蔡凡熙 项婕如 谢金燕 刘奕儿 张墨锡 高隽雅 张垚 朱轩洋 张立昂,3,https://movie.douban.com/subject/26730542/,4.3,1432,522,8,7.2,5.2,3.3
爸爸的木房子,剧情,2018-03-30(中国大陆重映),99,李得胜,杜雨露 朱丹 曹操,杜雨露 朱丹 曹操 朱利亚·卡罗维尼,None,https://movie.douban.com/subject/26639034/,5.9,245,88,4,,6.0,7.0
龙在哪里？,喜剧 动画,2018-04-20(中国大陆重映),97,胡升忠,章子怡 王力宏 光良,章子怡 王力宏 光良 江美琪 梁静茹 戴立忍 宫哲,None,https://movie.douban.com/subject/25787993/,5.6,2209,725,104,,5.4,5.3
光影之战,科幻 奇幻,2018-06-01(中国大陆重映),96,陈钺晖,向俞星 陈怡凡 范薇,向俞星 陈怡凡 范薇 连诗雅 陈泽耀 李根,None,https://movie.douban.com/subject/27155186/,,0,44,7,,,
大耳朵图图之美食狂想曲,喜剧 动画 冒险,2018-06-01(中国大陆重映),91,速达,潘延 范楚绒 胡谦,潘延 范楚绒 胡谦 王衡 李晔 王肖兵 吴磊 蒋可 李心仪 蒋孙丞薇 游军 周南飞 王晓彤 严丽祯 曹可凡 金炜,None,https://movie.douban.com/subject/22232939/,5.7,1867,723,21,,,
那年八岁,剧情 儿童,2018-05-28(中国大陆区域重映),87,杨瑾,罗京民 杜俊豪 邱林,罗京民 杜俊豪 邱林 吕亚萍 焦妮,None,https://movie.douban.com/subject/26841305/,7.3,1755,666,27,,,
老家新家,剧情 喜剧,2018-05-28(中国大陆区域重映),90,方刚亮,李伯清 颜丙燕 章宇,李伯清 颜丙燕 章宇 种丹妮 李洋 祖绮颖,None,https://movie.douban.com/subject/6519580/,7.5,201,78,2,,,
疯狂丑小鸭,儿童 喜剧 动画,2018-09-08(中国大陆重映),81,蒋叶峰 郑成峰,苏倩芸 王雪沁 杨进,苏倩芸 王雪沁 杨进 张洋 吴凡 唐泽宗,None,https://movie.douban.com/subject/26847189/,2.3,359,72,2,,3.1,
三只小猪2,动画,2018-12-08(中国大陆重映),80,刘炜,王晓彤 李晔 洪海天,王晓彤 李晔 洪海天 严丽祯 贾邱 骆妍倩 刘北辰 胡谦,None,https://movie.douban.com/subject/27021323/,3.5,490,244,3,,,
赛尔号大电影6：圣者无敌,儿童 动画 奇幻,2018-09-08(中国大陆重映),98,王章俊,罗玉婷 翟巍 王晓彤,罗玉婷 翟巍 王晓彤 孙晔,None,https://movie.douban.com/subject/26969037/,4.6,1223,446,22,,5.9,
信·守,剧情,2018-12-27(中国大陆),87,寇淼,王艳梅 乔新峰 杨雅涵,王艳梅 乔新峰 杨雅涵,None,https://movie.douban.com/subject/30410968/,,0,8,1,,0.0,
红高粱,剧情 历史 爱情,2018-10-12(中国大陆重映),91,张艺谋,姜文 巩俐 滕汝骏,姜文 巩俐 滕汝骏 钱明 陈志刚 计春华,None,https://movie.douban.com/subject/1306505/,8.3,129941,20426,334,,8.0,7.5
旗袍先生,剧情 爱情,2018-11-23(中国大陆重映),104,王择谚,王煜 李立群 成琪,王煜 李立群 成琪 郭超 杨大鹏 赵慧仙 谢园 韩月乔 朱亚英,None,https://movie.douban.com/subject/26928192/,,0,15,0,,,
阿飞正传,犯罪 剧情 爱情,2018-06-25(中国大陆),94,王家卫,张国荣 张曼玉 刘嘉玲,张国荣 张曼玉 刘嘉玲 刘德华 张学友 潘迪华 梁朝伟,1974,https://movie.douban.com/subject/1305690/,8.5,267976,56114,1386,8.8,8.3,7.6
环太平洋：雷霆再起,动作 科幻 冒险,2018-03-23(美国/中国大陆),111,斯蒂文·S·迪奈特,约翰·博耶加 斯科特·伊斯特伍德 卡莉·史派妮,约翰·博耶加 斯科特·伊斯特伍德 卡莉·史派妮 景甜 查理·戴 伯恩·戈曼 张晋 亚德里亚·霍纳 菊地凛子 卡兰·布拉尔 黄恺杰 伊万娜·萨赫诺 新田真剑佑 吉丽 雪莉·罗德里格斯 拉哈特·亚当斯 列维·米登 达斯汀·克莱尔 陈梓童 于小伟 钱泳辰 郭家铭 蓝盈莹 金桢勋 菊池润美 丹尼尔·弗雷里格尔 齐柏林·汉密尔顿 尼克·塔拉贝 布里德基·萨蒂纳 小蒂姆·约翰逊 玛德琳·麦格劳 乔什·斯坦伯 斯蒂芬妮·阿琳 卢克·朱迪,63322,https://movie.douban.com/subject/20435622/,5.4,166077,51507,1239,8.1,6.9,5.6
星球大战8：最后的绝地武士,动作 科幻 冒险,2018-01-05(中国大陆),152,莱恩·约翰逊,马克·哈米尔 凯丽·费雪 黛西·雷德利,马克·哈米尔 凯丽·费雪 黛西·雷德利 亚当·德赖弗 约翰·博耶加 奥斯卡·伊萨克 安迪·瑟金斯 露皮塔·尼永奥 多姆纳尔·格里森 安东尼·丹尼尔斯 格温多兰·克里斯蒂 凯莉·玛丽·陈 劳拉·邓恩 本尼西奥·德尔·托罗 弗兰克·奥兹 比莉·洛德 阿曼达·劳伦斯 吉米·维 贾斯汀·塞洛克斯 蒂姆·罗斯 汤姆·凯恩 亚德里安·埃德蒙松 马克·路易斯·琼斯 赫敏·科菲尔德 吴青芸 诺阿·西甘 保罗·卡塞 米凯拉·科尔 普莉安卡·伯福德 纳温·乔杜里 安德鲁·杰克 克里斯塔·克拉克 伊川东吾,26794,https://movie.douban.com/subject/22265634/,7.1,107946,32340,924,7.9,,7.2
金蝉脱壳2：冥府,动作 惊悚,2018-06-29(中国大陆),93,史蒂芬·C·米勒,西尔维斯特·史泰龙 黄晓明 戴夫·巴蒂斯塔,西尔维斯特·史泰龙 黄晓明 戴夫·巴蒂斯塔 杰西·麦特卡尔菲 杰米·金 50分 约翰·威斯利·查特曼 唐辰瀛 泰伦·伍德利 泰勒·乔恩·奥尔森 提图斯·维里沃 谢伊·巴克纳 丽迪雅·赫尔 阿什利·库萨托 罗旖凡 罗温·布赛义德 贝莉·柯伦 泽科·扎基 文森特·杨 埃里克·纽纳姆 马克·希克斯 彼特·温兹 奚梦瑶 罗曼·米蒂齐扬 戈登·迈克尔斯 婕咪·埃迪 约瑟夫·布莱克·门泽尔 乔·吉尔希翁 阿方索·A·杰克逊 奥罗拉·卡琳 德方塔·弗里曼 科里·温斯顿 佩里·约翰逊 麦克·里德 瑞恩·牛顿 蒂莫西·米勒 埃里克·本德罗斯 德里克·瑞安·杜克 大卫·邓斯顿 J·麦克罗伊,9133,https://movie.douban.com/subject/26905469/,3.2,30448,12375,288,6.5,,3.8
黑子的篮球·终极一战,动画 运动,2018-08-24(中国大陆),91,多田俊介,小野贤章 小野友树 神谷浩史,小野贤章 小野友树 神谷浩史 诹访部顺一 小野大辅 木村良平 铃村健一 绿川光 稻田彻 斋藤千和 折笠富美子,679,https://movie.douban.com/subject/26615753/,6.5,6151,2101,36,9.1,7.4,8.0
尼斯·疯狂的心,剧情 传记 历史,2018-01-05(中国大陆),109,罗伯托·柏林厄,格劳瑞·皮尔丝 罗伯特·罗德里格斯 费尔南多·埃拉斯,格劳瑞·皮尔丝 罗伯特·罗德里格斯 费尔南多·埃拉斯 法布里肖·博利韦拉 克劳迪乌·亚博朗迪 博纳多·马里尼奥 泽卡洛斯·马查多 奥古斯托·马德拉 菲利普·罗恰 乔治亚娜·高艾斯 弗拉维奥·保乌拉奇 儒里奥·阿德里安 露西安娜·弗莱高兰奇 查尔斯·弗里克斯 西蒙娜·马泽尔,103,https://movie.douban.com/subject/26631663/,8.2,4970,1973,98,8.3,8.0,7.7
